id,pm2_5
id_ihxgrbq8bw,-0.08520392139040067
id_dg6s4fhiwe,-2.541072895324456
id_f7hwwtmuzp,2.009684057991312
id_ioese5awdg,-1.4654218577156588
id_hdw320zpls,11.776675986949542
id_wnxl0jyxdm,5.171933228696602
id_irr46cfvrz,2.83312647465466
id_l3lg8y1tar,-0.46749406044325315
id_9bzncgu7ap,14.120325333049886
id_tq8gz80e59,-1.1447306558829717
id_gouch6j71l,12.041620761420111
id_gvg6pup3v5,-6.479879151217823
id_xsyh8m7o0c,14.64057658071903
id_hsr9nym75x,5.875770537368594
id_kk2mprzws5,-1.4314001455350553
id_zztb716ruj,-3.041628350331272
id_nc37c47azq,17.681310216148514
id_aq2zwrpazm,23.597776365020056
id_1if5noe1b4,11.33706124376038
id_9ch9qgghhp,10.943098148663305
id_i8ez1ppqtt,10.517987882424498
id_1gzede3sx1,25.347162614216096
id_c0cjjirgpf,23.467717539039107
id_y3cgdjsgq1,27.743167509862722
id_hqfk9eb7i3,12.793372165699031
id_heuv8vkjh4,23.485245781771287
id_fcoot945yi,27.12127557126027
id_h4j7gdpygc,9.084366313157428
id_0z5dftxu4p,17.60655248932218
id_0l3lpe7b09,26.855833155587188
id_q51pjcyt8q,11.62837350467012
id_5y5tak334a,1.0788031072936217
id_ffpap9n3bi,23.16489638411791
id_wlrkf9c15k,20.63683307301647
id_i2rh9ih3f4,2.9694121645229954
id_uqm3krxam7,24.575708248911486
id_3iwa156mvm,5.4315243340206525
id_1lz3s1bdxs,5.355864366305539
id_jmqt01idjp,12.719203408271335
id_8gb7nw0rmx,9.798657604008577
id_4xwo0p10w6,3.2513310626875684
id_m5bwlzsq1q,10.094244915556978
id_z4d44hh4z0,27.375659475031267
id_pmh6yxhfva,21.07682042379033
id_35d6qsok4a,10.707543817720671
id_77htjr9yc8,2.766950864853465
id_t8vdruehat,20.06761405223643
id_jckj5zjs3u,33.11223058309352
id_iaz7r7qv9z,30.25316727412358
id_uifln55ls5,40.925351129873825
id_d32frejzqm,30.74147770102855
id_exdub9ncvr,42.78190851812828
id_mxkrqowab2,41.51288159371182
id_y8ho5r6i9n,32.2943894876834
id_fiygo06opn,51.4277399381218
id_o3dfdr4sk8,33.206507790547775
id_akv54mqumg,35.78817753121117
id_h24kmkoube,15.292940951403132
id_x3hkwvtuum,15.917247892606643
id_w5yebgnpv0,15.17479578754866
id_0sqrmgfxq8,13.859051460205405
id_af7sxbklj4,16.045274068464998
id_hv5isckfyd,19.719412454995602
id_ghg0lmyh5v,14.075069379894284
id_wpckthcmjz,12.14944539304611
id_u8j139024n,13.029182466944766
id_1jadvwi51a,15.637545119352518
id_1gm8yzoyli,17.86900711583114
id_qsbblt5w3q,14.840397616439068
id_51h39wnp4b,12.53930481034322
id_ny5f2xtwmp,12.83443043725675
id_3dhao9xr06,15.363020243699442
id_wwcepeo72q,16.28859889300452
id_aekpxa9j8r,18.760255881685282
id_hlshs2v7p0,15.168185639716494
id_csaw4okqxs,12.712198389326119
id_a57xn6b266,15.007207980240747
id_v6zbdry3ae,17.94209571257047
id_mjgt3wrumc,15.548456340439149
id_rb71ryy76k,14.721371611379707
id_rzzwlgdruk,14.946931959474126
id_bg7hzhz9s5,15.455129333299476
id_9f0xa0vpm0,16.353335009853033
id_x19qug1u9n,15.668208535570384
id_neebsy7lt3,13.060916418525713
id_k5jc67rf2q,18.255072834961624
id_6vw340icrq,23.79495272195979
id_rpzdo2jabq,24.386846423698003
id_3m8w0ho783,26.529344776642414
id_2ziuzg6bnw,15.271562797923572
id_4hps6472o7,14.086686217099555
id_9cb9qenzw7,21.242997876467875
id_6rvd06xnhq,29.342631760653013
id_22gpyw7j4j,29.484903159542178
id_970drtediu,27.736643311343045
id_oec1w7ootb,15.560890114776074
id_7onpirv1s3,26.207934817592147
id_8rt8qfy8h4,13.672126447497373
id_e69vc06bss,27.276967857763744
id_7dv4xh47cy,22.16237063497272
id_vfx2x5hc15,22.99175369571179
id_ljvpa6cdtz,13.958915379240201
id_faa2v5ox7q,19.74428004433994
id_t6xdbl4ne4,21.666393206161924
id_r2fdbsyh1n,23.356148041754842
id_jhwi52u0q3,26.90329379731632
id_55pa9g9m9g,21.59452601824663
id_u347bmckbj,20.181964953784604
id_3ygrfqgttc,27.50847654400637
id_z7heeojpzb,29.048445294511275
id_utgueavnmx,22.40953485203618
id_h2tqqtxe1w,19.880948228281458
id_mrdqqwst7r,15.612183924906724
id_5053tusxc6,17.274357429921828
id_h6t5tbsidc,22.91748979588787
id_4fs05d28s6,17.235581468416875
id_qye7jwpbs8,16.895763296805285
id_um00ew0g1b,14.005041118418692
id_fzvy60mdma,16.376921834939726
id_l7u41q4cr9,16.15827457690988
id_26og4v2wx5,22.92306445145821
id_b0a1xu6nu0,11.019747577820707
id_xumsw5m3ip,17.963887975629216
id_3ftig6nrpk,18.31693973805507
id_0ejl66y98y,25.48696807862542
id_ph0mqd3qdu,23.317604004898282
id_1j21vhuakg,20.087774289461564
id_9b866t3kcl,20.176676210490925
id_gm3rhu9jak,19.606694900360985
id_vldjdgbudl,22.28382532446615
id_sg9gnw6j9a,21.78640365636224
id_jy6wca6oh6,19.355008387299023
id_lgnofy6syn,17.243664684340718
id_g1j9pxh5yp,18.63208984998622
id_xoh80ei36j,17.33061413552205
id_g4idr9b72i,21.930463683166895
id_b7cn1tm7jw,26.908924114366137
id_3kkfl60mdt,18.829316367119482
id_3cnzembvt2,21.508490794821256
id_qh3hmxe3vl,17.508953924082856
id_dm2ngicucl,16.049484668013406
id_0pj7rbu5pl,12.3950863709991
id_0b7len9grt,11.649980351233877
id_lkjbthp6xi,17.338499861755686
id_msyur8bama,20.61444613727095
id_r6b4lems42,17.745311140195522
id_tdtmvz23p5,19.72956433005263
id_ucg35myewu,25.418370028304334
id_cpu27o1708,31.22812658023582
id_8g3bfwtmtc,15.060583630582089
id_lvwrewueod,15.597030647880523
id_vjr52dclmq,24.888598322150816
id_74lpfoxs1u,18.972722845202885
id_51ipsqq6fi,12.758621577729082
id_rgv5vz1wi7,16.13368001871931
id_xukt8h1854,17.78059450788696
id_pvjuaozpis,19.351612124975134
id_dpstb14com,19.19873914815438
id_hfo34xjax3,15.19820464626252
id_1xcm67i57m,14.462672042738044
id_5w78ao9f51,15.855631642897585
id_wjwp5bnl95,13.867572390772816
id_q29d5fhap5,17.496454467747984
id_stpxgfh6at,21.49298145929797
id_lp5fau1v5t,20.410099572475296
id_7oxqpk7s41,14.699793621627764
id_4dnmn33ra3,16.860135746591475
id_vxnrc9eyhk,12.95028826269505
id_ysrrbwixap,13.087438220288742
id_yhfx1lpevn,7.915636731466893
id_c6a44pvjv8,2.042366780342894
id_s9f3ml14cj,12.13339249560465
id_d0w9c0xp76,8.02519531246646
id_a9fbexs6qf,7.780607057143061
id_9wzfhpw4et,9.11475052790461
id_ryi27ogtvv,12.61762870950174
id_l4fl7gcf91,15.008689459555278
id_tkvbxrgren,14.650934777587747
id_1wkfcd4q6t,13.314007192195307
id_mc88pd2apf,11.606999478186834
id_00iv2sgwb9,15.455452395153698
id_e7lfbanu92,19.752241851539107
id_1mdkr0dgz1,7.544302732931686
id_evzlq1bdq7,14.541153660713332
id_0fzcmep80p,5.62505511976456
id_dwd9xbd5ep,17.50153038181009
id_845jje9evg,12.071638140324573
id_cbrgljomk4,12.653737067572695
id_xadne3g2dw,13.578006185274624
id_fdlsm6mg2z,13.263357197492555
id_r1w2mcb346,14.486944909482967
id_1c24ja9jag,13.433320355726341
id_h1v0nwz453,13.528831448701364
id_igvjbr17my,7.525874149556682
id_isnin8oj7j,19.422131419184062
id_lts441t4ge,11.552536068383722
id_7k86unkgbf,10.478576244782658
id_xs2ivx2taa,16.37990636183697
id_t8pxhu1lko,24.989163217258326
id_cncxlihk4l,18.361124357502234
id_u3n972yugw,29.659111676207445
id_5dtltk9ol8,16.693569168977945
id_2d4xbl322n,23.5651874445748
id_6ayd3hz9lc,15.871281117308968
id_fhedgc4ogi,17.74503075040618
id_je6xyskvqt,36.418443557745235
id_uqplr7i3e8,36.425348925902064
id_p2mep9skjf,23.83239526030101
id_klmztpbnj0,51.70553022331117
id_w8masqptnv,38.133062626377416
id_uqe5p1fz8i,28.083408466537698
id_vdcliffox0,19.326389493333494
id_suphbrot9x,40.56003215930623
id_qsl9hh9hbt,25.58988984817022
id_yorywxet0a,0.5126023697708056
id_9rhbkh8kye,2.3968197355524854
id_oh2pg7ik9m,1.9153991889164317
id_u5xtrnbshq,-2.1596950024544634
id_pfcdhqpggy,12.910404933252416
id_rsbolu1d8s,4.1187742535190885
id_1o41vsdb40,1.4315170081175346
id_bthds7exkp,3.96475506093218
id_u2lx4hcr19,19.194118948051543
id_vt2seycroc,-0.6661822862029518
id_ev3xsimi3e,12.949256097629945
id_8wsnxwqlaw,-10.20205006457215
id_jhks2agjzh,-3.8853528476603225
id_abc042gxa9,4.391150566425255
id_t39ajz3mpo,-7.093525895334787
id_7l7bqpd71y,0.9395019715752095
id_k9uhbcg8zv,24.286868348002674
id_kf067ifyeu,24.411477816015786
id_6axl9l8y0y,22.856442071649337
id_fknkdrl6fy,11.295177488158805
id_8gmporna5z,10.965968865846387
id_a4bmoty06e,22.49230526143351
id_czo0d13gtz,23.72180614051667
id_co7jt5xego,11.843727290141324
id_2x6lo1wgko,30.443884994761945
id_9wjap2et51,28.512611069574035
id_c7mps6h2ft,15.130489635822412
id_j8yje9gqi8,16.676514878255908
id_vju59tgxzh,19.778780504236924
id_8lap7ve7md,25.057586699301176
id_pvs9bs83s2,4.1272160236096145
id_qdivis4t0b,22.643994719941514
id_6ihg5rmjar,10.085954575533199
id_enahmr353n,7.630257312141524
id_m5la6rz5vl,16.103243540858173
id_lyc6fznfhn,15.354442649554755
id_u15ftwfcl7,9.779483073945634
id_mjaugtu77u,19.545922562277024
id_h1bl0y44h5,9.151486860529886
id_ixfnpr6f21,13.539962052460188
id_37e3n0alew,10.333400793664179
id_mj9599i7yu,28.491654851381757
id_aq1df4iqdu,24.593109491291273
id_2e5mcgpio6,11.592719193523966
id_o99bic4pl9,20.192266561991868
id_wee03f0g34,21.73977667909763
id_ebyp7dsb2j,37.20463727304824
id_xrw2te1q07,29.26050154458214
id_e1pr3nswl9,28.99779768865693
id_20jn6yzhpi,27.053816840131304
id_ef9regkoel,40.797562578643976
id_ja9p3oi1ln,37.53140261619707
id_u4t0meqqix,23.987686128926484
id_ha9378tgsl,51.61018108140985
id_sm9fmjwje3,34.43750396307063
id_pq1s2kq7qs,37.69491497864872
id_zcw88t7w9n,-3.849717968195933
id_9gqyxg4fuy,-5.647385268786827
id_jlbv1pe7mw,0.09742367458321154
id_nqkrnumlsr,10.492516744502003
id_vwov477zro,0.27696412083771593
id_k8t4robso6,5.80417674425666
id_9574e2s4iv,2.0224749293902895
id_g6sz61x3ui,-0.08296394541301061
id_65fdu115yz,-4.32269374742576
id_jvvhzyikro,1.5431347247580751
id_mjtm49jd0e,-2.4603070343007998
id_qisen8bs9m,19.66633722219789
id_4qcwh32n38,22.497989053337868
id_a1jgk8addq,20.94295330897142
id_eoh9eceljc,21.277126667992327
id_c9l6rfivhx,11.747036048565482
id_ity62l2ixr,8.800536674526587
id_b1kdt1v6wk,21.80831737783875
id_31slek226d,11.160462240864533
id_r5hynclox4,24.83777717915352
id_1zdag4te8b,29.370487531888575
id_9cji7mh5kx,7.400660565352274
id_pgt8lf7tci,9.237965668717145
id_9xwjmedzm3,15.64499638612411
id_qmng1j2b5t,23.537402546834265
id_lsjhv6dlig,-0.4003405925888476
id_5ei28dib31,22.42924588265155
id_djt23iw3mp,29.148355122305166
id_m9oojav91p,1.980991758052982
id_oivxgblcp2,15.354442649554755
id_0kdvltw7vu,5.25780046196674
id_6w4ajmwc5u,4.711358595984347
id_urkooowq9s,5.2517370872925095
id_zj9z4qj012,28.491654851381757
id_8ziogga8ul,22.69991121555427
id_3p9o92k0y8,2.211848090488698
id_nys5746v2q,7.691763549479364
id_lfeylugwfg,26.8076350420473
id_doohdtcpi0,31.054330654447707
id_gvsxbrs2ay,25.881473957535093
id_tazjayaiyz,26.769105480719574
id_zrpmkxoezw,28.182703134137984
id_sqmq0975df,42.851176122626775
id_6lcd3eygj3,40.56516175586661
id_7rpimassqp,30.627043118984954
id_63ls321ztz,50.783686342924995
id_tkciymn5hs,33.206507790547775
id_kasmldlvq9,32.27020702785196
id_vlpyl2jer5,36.967289163725034
id_5qffgu5u3n,39.46643677102318
id_j988bph6z4,41.34466299671796
id_ws4odrtze8,41.63898410097262
id_wtahd5vwwm,33.69592335662699
id_07q159o6c5,44.68034075494507
id_zuwn8cdmpg,38.61312723399632
id_h18pxnwgaz,43.73698085650611
id_crcf47qz6r,25.86348175743242
id_s0472tpnvf,25.584116990955472
id_4x8344brzc,20.937048606897676
id_f3th0516p2,18.05561791699902
id_rq698snr9f,17.19039691474089
id_bqumy9109l,16.41152136734809
id_sa87ndj19i,20.275303003643728
id_l50a8gf4z2,16.279110534029925
id_d22097x7wg,12.414257057972861
id_o0l24mamhf,18.36505814848971
id_u0tbd0ho1d,18.87127218915386
id_jh9oqt4r06,19.38740656867185
id_s5qjht01ct,13.381630925529072
id_9jvayvxhsb,20.729253434324818
id_2ktyalo4fo,20.802353807167627
id_yytme869mp,24.705941802879295
id_qjy6t0mvby,22.686375634258706
id_vqx1ryf2ik,17.396720837667075
id_xlf2632glg,17.689409082264156
id_9ryn26zoyf,21.120842743277976
id_0bhupilpq3,20.671312306846584
id_3oog4p81et,18.76887075691777
id_7pwsq2822m,15.27955480300868
id_xco3eq9ewy,21.007176129770844
id_86pol7d8z8,20.68929009028105
id_4hq1smw4qm,19.45151531818526
id_mwm43tu1lt,22.128349117863802
id_egnnmgvz1t,17.063967700130434
id_ql3nhnzgo7,16.34446163834515
id_6yei7c05s5,14.243584362678762
id_37ncimqtl1,17.007739723301718
id_faigrj26mv,20.859181706529156
id_b8gmnur08k,17.02609774200719
id_uhkuycqlqg,16.655448205843022
id_hda4qbl82l,21.18496978845967
id_l81zesfyi6,21.66831693312224
id_8fw0qddr4t,23.43440133420603
id_3swlrvxi7m,20.103661500418045
id_2iq9tbz4bu,19.30072962372882
id_l3hzf7xam7,16.41080850991498
id_7yfs7z6re5,22.325738919112187
id_3qj7edycff,15.415934021079822
id_zz66kjwki8,17.217736134136914
id_836ugfrmfn,21.614332308255456
id_i7eew37mck,20.850989653783454
id_bxqgoacauj,16.267482736025084
id_0804vchmvm,11.637090811242297
id_o41hevo885,18.041659144155492
id_55ynsd7iob,16.507653914843313
id_xmnors3b2p,13.273410970499976
id_i0vim21vyr,15.840946154442632
id_9q4vgsr3t8,13.70991799266178
id_nzvtf8mk2z,13.471156991807188
id_qxhc5b04ve,7.512510816675861
id_bmoknxippd,3.493977065097195
id_y7pq8dp4ut,7.459790868884595
id_7ibql8i2hn,11.618602510079269
id_tbkdhkji8c,13.537880455853852
id_2xvazzddgt,9.217866369886824
id_vo6tjecx2y,13.235488208320204
id_td1i5lcg9k,15.970460706497624
id_ruc95ajmux,19.91509172039628
id_a0at61dzen,12.919213129088895
id_0zn9uivt40,15.807978318300647
id_qlx50d8vx2,12.027563271514856
id_u6z7b5cbh4,14.237308110153695
id_qruu4eejyy,15.61891603869502
id_9vwonnifzw,11.47486625074726
id_0lnfawjnjk,14.939496679854674
id_31uzu5wcsr,13.394357661297079
id_uzija37zrh,9.302518963422925
id_z6s5np5auh,15.267325156667491
id_p084kqcwjo,8.231574177378205
id_qvm8ttfb1f,12.385991179448698
id_yzoxe0nplf,16.9486543895491
id_n95r9k6tql,16.767154852112704
id_i6gb7eojjd,9.305665856772492
id_rj99alu30y,13.499797183897174
id_qlb79248k0,24.54392629011549
id_5gr1418j07,19.215821388788193
id_mvspb7k941,24.987865115502487
id_w5jw7d4cs6,15.348766286954215
id_ksu34mhpjr,30.291688568461566
id_rwz1uudt8t,25.84106012338737
id_q22kldhur3,28.919830169674025
id_2ax9dk8j9y,36.82522388933191
id_tld5diafyf,22.839045635609963
id_do4asz4s0g,27.992618872722826
id_3alewcubl0,46.699051382273524
id_8zu910kppu,37.63097761580693
id_1s9nyk6u7a,21.107486823968753
id_l88880p40e,17.915941406547912
id_hr17wz72sy,43.22549849842747
id_cjj6ks4lan,39.65547597193022
id_16wvcdazgi,15.292940951403132
id_iq6jofmcl3,22.44135284428152
id_tdu0u91xwk,17.033348653907563
id_62jccue0vl,15.076699425808266
id_3sef84eg2u,14.424554876464587
id_w0f6u87fds,16.020754362982125
id_jwcwkcbb4n,11.479263240205837
id_sipbb762jx,12.138825288365211
id_pw524o2hj4,12.67092900574639
id_qlj4brmgs2,13.978762901787809
id_6fw4q0j9so,10.274141537476826
id_squdps1yn8,14.16711416171316
id_92ijbpy5c7,16.1645017493229
id_5mdgs1tb11,8.646446069144458
id_pq77lq5wej,11.39853713669265
id_46mfsuetx3,14.612383924030475
id_l66xs53vq0,13.450160564579994
id_edk0v1a8wn,13.30246955250803
id_nztzaid365,12.43677472139826
id_1k9uqfcnfq,13.471169797005674
id_5rcti4kobf,16.2736016025514
id_al1l3ahw7b,22.46901322479724
id_3f3rzgujod,22.801145332298375
id_fr4pynhbb8,17.005399197200738
id_rnuqsg891b,22.87342574639923
id_3qw0q1r8qa,17.414322349045722
id_o84bqle0x6,16.171113260975435
id_han5yb04s9,23.01687597612386
id_n7pgevpqei,20.344398099038827
id_j0aw1xyk9t,20.76953666396414
id_xpcbsjawvs,20.62468191801964
id_y8vz7smn74,17.426085685375966
id_xtbriixm7z,16.477383232655086
id_l47atvid60,15.25019701420578
id_gqpbs3ql9v,15.597404559658752
id_mohvibrck6,12.084452749790927
id_m2e2vhsgc5,16.066111047231935
id_6q2dw9x7y4,13.447480635812973
id_r8hora5q1m,22.82830404600944
id_chvslqlmkj,20.58428445570518
id_z8b1es3pzh,18.109809907818985
id_crc6ejtto8,14.691940793645472
id_4hw7jthh0g,16.97172955926953
id_rtp2qosss7,20.605159165967027
id_2keurz29m5,19.4797902467724
id_5f0tzdcdu0,17.81452124730377
id_6g5cbmuktq,15.601686323550403
id_njm4qcclts,12.166937391089178
id_t8gjwi01yc,13.172252947133552
id_dfcidlgn6x,16.36617858801851
id_f7whsdcam5,16.206594314015387
id_hga8rjdes3,18.149256644644282
id_32z89yhhic,10.483690235330316
id_pza69wztdl,17.846301791238808
id_ndfihwmpp8,18.865958501384938
id_v6uj9ttsd9,18.066551640995915
id_qi267vxsvl,10.636525600906712
id_oezislbogz,18.9134661849598
id_yzmptlwk5v,11.70741547483225
id_1wgvveqkxt,10.411354766059047
id_hyunf795m9,3.0246777689757716
id_9vmusmwa1w,12.625348738269402
id_7set4vt1jc,9.909539784331804
id_xsuqw4qhef,6.357429358314811
id_5rb2kj08fr,14.815942322380563
id_hub405wg5o,8.609828080190923
id_1dl4uombn1,12.910301353158967
id_0m5pjvhhts,15.471385074901725
id_wh6a14b72u,34.50966484849849
id_2gcokul8h5,31.260482496803487
id_ju5045k8te,38.53919367655468
id_lx8g1rejy7,43.78778158971975
id_xdcw1447i6,34.13875739261892
id_c530clrtlp,31.620421158715413
id_7bmurid7pw,38.109854924780365
id_z2s38nz9hk,43.78778158971975
id_18o8y735s3,22.43796805043938
id_wcox1ibc1u,6.191928327958485
id_8mteyw4ej2,9.086241307789564
id_yhr9822dsa,8.332608027759582
id_kx6r0n5p65,5.393244060128924
id_yll8ps5xps,10.673643585588158
id_2ss6w9mkjs,11.106526285460182
id_dywpbbt1rz,8.565781341272892
id_2sovq337ib,9.915769754754285
id_hl6vkdm5f3,4.738705845611738
id_7rweve2gtx,12.344727692012297
id_qenwsj9ypf,14.837452831170955
id_7tr958twwi,14.054683524347764
id_4pss24du4u,17.284479375614264
id_pvxshz55hm,13.818741421684974
id_hwn7gj0gnq,7.958176576822254
id_34w3aboagp,10.662274294904899
id_slzxbjxpdd,15.089070606446752
id_s9fvyed2xl,11.652205405496405
id_ojo4ns7rvu,14.55376319687605
id_oukj9m9l5u,15.728126324356957
id_4dncovxwgl,19.510337251636273
id_lhn0wnsi4q,13.020540958167794
id_8qzxmyj6yo,14.030540792940592
id_2st0ywh4w4,16.606176213811924
id_32luqy63su,16.036190069624872
id_oew67rrlis,24.930974525160472
id_byzy2benp0,8.66833335691493
id_16qarvdtx3,10.283243430690632
id_uxi3qu4l8e,8.474962919870052
id_vy83bxfo5s,7.654274676981796
id_z7ibc788zq,13.249395845543061
id_kbkbgy18jq,11.436899590999607
id_4zn86s4tbi,10.68043826105211
id_evx591r7y6,9.720183361341546
id_g6ojnnx069,4.96391968488029
id_7zixl3q2bq,13.47449370841643
id_0d9a1agg6b,17.750694373656785
id_3xt09a0de5,17.180601589205285
id_jbhh44km3c,16.446057330439338
id_5k2iegwee6,16.50129879285429
id_gibzm0hke2,9.418205346475563
id_zl5phiqojd,10.799137123129887
id_c15wxxvb75,19.92748648955984
id_dau6fb0sfx,13.206729970081385
id_z9dk6h8cfb,18.153913381089534
id_uvaqu4nzmb,14.105606464266037
id_qpglm1d719,18.74059562442391
id_ct64dm03s8,15.142026990121149
id_is4l5fwjuv,16.915641600386884
id_vh0bwrobbe,18.776929276716476
id_b0mjh0b71o,16.820164942660814
id_0bpne8ucld,9.391642577297098
id_kvvjrrryc4,18.21486117344756
id_n5ybzqzepc,19.392509926076347
id_jaimxbu1pd,15.95651565619939
id_0l0w0orygd,15.864385277374048
id_lv55afmf77,12.60382235769114
id_9mfp6fw6w6,21.776549773828965
id_tafpzgg3t4,14.717933895005347
id_tiipv7kgu2,14.25945309647682
id_kwiv66i7i5,19.61730741221138
id_nl69sct7fu,14.118345737555078
id_l74jt76ryc,11.554618994155613
id_bxgj47nybk,15.868682306895177
id_923xwmt66s,16.739840834951544
id_aq97mswwiv,19.636087375425575
id_4vrb5vlcz7,19.05779863176419
id_xayf6v05hn,12.657611705887918
id_8pk1rf7oxo,16.848963055687484
id_sq8128da6u,20.085390972723737
id_8ihfuq3i8d,15.850019465254007
id_87jd29uf6p,17.682344262532535
id_4xpx2dt8ki,17.042004194418418
id_hqpr9h9axr,18.071545152737098
id_1k55ze4pps,19.32529817948074
id_2znei70wfr,17.358704000129723
id_9hhcbap87f,15.623240135105942
id_hey12d7qim,18.492679317638714
id_lh2vl46a2o,14.903864954258639
id_yr2wo25x72,16.26356548443098
id_t52himkovl,17.658175729162007
id_7tvjar0eff,12.905969119187866
id_i208pdedfj,19.961010473148146
id_d77mj6yxxd,27.215145887573435
id_jh49madd8v,10.379223539815019
id_cz441c0g6w,17.46406220569163
id_l9egn04p70,14.863942984516443
id_aof0geeadz,32.473052636780345
id_l14us4afx1,34.15222071029865
id_cyjw5nlwm3,44.936295833686685
id_gzuqpix1lm,40.854539493788344
id_z09r8zdwpl,26.0867168306303
id_avet97ghyy,9.205137517548053
id_8xxxnyrpzm,10.070917769543499
id_5mzgmww3um,8.593123636916149
id_8vxge8fi9v,7.6836690039464965
id_jnw9eiv9ni,13.68006299912814
id_gaui5cuwn7,11.27331155687763
id_bk4agfxg5e,11.166461180699427
id_5si10x4q6c,9.896933276338945
id_e9emj2d53x,3.4366788014078646
id_9llllv5i9s,13.878974875410753
id_mndm12zy06,17.89164342641362
id_2pxml96i79,17.23417574854822
id_oi59maxbit,16.792173174052614
id_tf7klyuj5c,17.206995334749013
id_jf1h95hidf,9.214618732148544
id_4njytufcfi,12.002138899895721
id_2zbs60m1hv,15.570666129793096
id_kbe0e397n3,13.754003438765556
id_attl7s5eit,18.199461977284994
id_jyqg51mks7,12.770671077200618
id_yvtlt4qsb5,21.72400755301985
id_ququ54p5qn,16.723219027407612
id_b3olj60ip0,17.396896268329574
id_ucm77r7n42,19.76041137492814
id_i94hu4l2he,17.81941820485007
id_sem18a4eih,11.12435039230138
id_iu4c2k0vqm,20.088096313065805
id_jez7q9vvpv,19.843699344550064
id_0g0h5fvenr,16.101887034898063
id_leyce5nz7b,15.417803377269722
id_ctiuipzphp,12.60382235769114
id_1uq7qu2no8,22.731400189477295
id_ag7p6aauq3,15.920869876822376
id_4v2gdi94ys,14.25945309647682
id_oiz391vhbb,18.76445156880446
id_dkh1dm7jv5,13.681582652946265
id_xp48k28xsx,12.40747458935932
id_8hzzltjopy,16.483332518054628
id_jxwkemji67,16.98500481758088
id_9e6zoef7pb,19.403251583553985
id_kw3reqh73r,20.54645214660182
id_i3soe2f356,12.758223117261798
id_s3sjs08z01,16.783146205842485
id_wgstp1qsjl,20.0137110953291
id_c79996j5ij,16.03160293455705
id_xyptp35mvl,16.22125888517892
id_psuhom729k,17.295969701736954
id_pow9jv5ucp,14.276664712665543
id_6wvbbh34gm,19.156430288048945
id_dt7c3hug70,14.782674342702151
id_j5p89q7hag,16.548726556804553
id_kc953hqc6u,18.72716133857399
id_lc6edh3b2s,15.916107725418897
id_9spkaqz73s,15.660776009119973
id_3htqh6ssl4,19.040999971352008
id_zc1ovm5htd,18.35315061122659
id_w7wwg1utwa,21.08169151124333
id_25epdpbix4,15.588368526897247
id_vs0hncomou,17.923679467906787
id_reegezw0zr,17.64588731051469
id_f6x16pl89y,17.576806100147223
id_9a8jkl3m2r,21.69117890006686
id_hoz5wrgxox,17.962846111723206
id_5ziz8chtiw,13.427868350432526
id_l1g99w61j0,18.879254890684066
id_40onwzmie5,14.217592733316076
id_wplsrqbqg1,15.826610110816041
id_8zk238knxs,17.362574178390297
id_0u52beiaqr,17.11036522819405
id_g8dmi5cj2u,15.450884459024769
id_qvb2pi3nbx,12.336611919269746
id_9ocs33mybq,5.6615763642830785
id_le65pdwgzs,17.046004075811833
id_kj6oinfm9j,16.332493409963508
id_tiqxiw34y0,17.285668929861167
id_j5q5ukj913,14.688500665941701
id_wfsqr784ue,13.104629737231274
id_19yb602oya,8.934630589703543
id_p5abbz6sni,14.255217223658896
id_sj35fk9ewl,15.786791332696708
id_asczdnpq0c,12.5566476523125
id_bcoprnh1dh,15.076793430994067
id_4hnps4a19v,13.643738870927791
id_slby4mvn69,15.476074982170955
id_fdcwmf2mqw,20.16356376580296
id_pc2ol1dymd,14.890423910078724
id_72hn9xr2mt,14.40654222612879
id_ooylyenf74,10.848021937503974
id_7c0tvcd4mf,17.89038842646051
id_vo7qco3vo4,13.799690088761713
id_tyda8qzu9y,12.903819370593226
id_qjo74p50vb,18.37760633149127
id_qftdjlnuxo,16.58909631753507
id_8zkhvf7knd,9.176794467498617
id_zjdfiws1ze,10.638585607130036
id_km0396cm8u,35.03227971925277
id_0zb66667qv,11.897179338817287
id_xkul5db55f,16.900305744242676
id_0882wi4vll,7.7886536410633145
id_vyjoukh7a3,16.37777215131433
id_mgzj7k2c88,11.623980666839449
id_mj68hapwjy,14.48797439795649
id_4k7w1huz70,19.214623664223915
id_cc5r73bssv,12.528389975880573
id_lpc3qqqc79,9.986767327767982
id_dgd25e5l5n,13.04069941593431
id_2u5h8ssj8f,27.576731842557734
id_qekvi0qhbi,8.82863987063046
id_7t5rwbvncv,13.485035497245065
id_wip1lfenhd,14.167249014207572
id_fz1zlhsz58,20.12291037212907
id_fzhszn9qgh,28.50497639677687
id_drhboq2o8f,11.62728571743329
id_67f2qgxjr4,19.86533845156698
id_c9jyqp5ts3,14.891316018888192
id_o5nsm6bufm,12.43583689116671
id_fliahadafe,19.71909908594806
id_ljzcxva3j0,21.131251539318868
id_4fg7od0p2h,8.002068008606555
id_r0bgionrrx,11.353183151253663
id_5mrclq7yja,16.809033954251007
id_v6ji6xpykj,17.084181338637414
id_gzxccfruiy,20.966298162550384
id_rch18sl7fq,32.77932529242562
id_dycgsa1kum,24.316436270613842
id_dh2z6cu6bu,23.933000131798885
id_b3ij5seund,32.197847277304746
id_tziu881h86,38.01074717243663
id_321qju313s,20.26154235881345
id_dngcm1ubxs,28.088322576129073
id_vu0rtf6isv,29.651719787935495
id_tzfx3hbsak,21.395956025769912
id_rhg9ghnbc2,36.2028122068267
id_9hkqfrhrxo,37.90974777091941
id_1s9fc94wwm,57.285997338204666
id_6l0a121qin,54.02421018743285
id_iblicy6lwk,62.176262829797565
id_galqj45a9w,42.80440615774784
id_1dg8zj0o7z,31.410742977806564
id_9x63i9uu20,40.86294490433716
id_n4mgwkvcyo,47.23450749186828
id_h9o1enzmn6,42.03761392014918
id_4utcad6z0z,15.292940951403132
id_faw7vd63nz,14.433863960872946
id_bfmddpm7dk,15.16261681524466
id_zsn1j1j2ex,19.27437836376717
id_hnknralqvw,12.492703211706603
id_j3s4dhvwvf,17.14998262031086
id_nb9skm42eu,15.52502812180492
id_e30vibg2cr,12.191026054310708
id_hr07rxuwnk,14.340546227228252
id_cckgjin8j4,15.262357108612793
id_1igqyragk7,20.92153236181225
id_pbbqks4896,14.850411557513729
id_yglxjnnnmd,12.9143732390299
id_akkkm90ju3,13.459285169411839
id_pnw5qxgci5,17.80286881331523
id_ed8b146zq4,14.332618596542167
id_dog1qrt65n,13.77760039423655
id_4iko2mf9m1,14.075328771811686
id_tf16irhnxj,13.969738182645525
id_z8dbvb7mld,15.668208535570384
id_hjojye2bnc,17.05932544162848
id_e74fkffny9,23.213689001695894
id_96r4h4wquw,16.770251689649285
id_n8zuiv730d,29.06729008528948
id_q9sf7h6id3,17.584190346572843
id_1ahz3wcpza,20.985317791559385
id_bij6rb0yyc,13.573982747416254
id_rj67797cdl,19.473636347635086
id_nfgy5cs3i7,23.92434871547864
id_2gg9612372,25.07946849929249
id_rd2ycsqjqu,21.59452601824663
id_yhyq4hrrvo,20.368275317307766
id_cugq7k2136,27.756115266127807
id_6ztrbzwf74,22.350565022827677
id_b3864dngn9,20.435435204699342
id_fslinj6lsz,15.612183924906724
id_nr59rjq353,15.914041818282804
id_f937o9uhz5,23.100487212961575
id_pdm9hc9akh,20.861316513180412
id_hlaacmpdc2,18.404265606162724
id_43l5b3qppy,18.844138654566734
id_nhboyjouon,21.25158956482308
id_e9tjlmzofe,20.418214939798947
id_uep5kutr80,21.075978572376698
id_xdu2qkcn9o,17.30295338508581
id_7xqj2zy62f,16.075124625494237
id_d3txp6ww71,16.499873155362305
id_kpr41h1gl2,20.036718013740852
id_eeu9sw0k2s,17.910127624036114
id_c20q8ikv7t,19.54735219503566
id_g8oqjuggsz,20.32553227649265
id_2nq4naxlui,15.060583630582089
id_qny2l3j2li,18.972722845202885
id_vvea9k8tgz,17.717586745250433
id_t009are3zm,17.04264534537231
id_uzuka63dnk,21.63226687004078
id_rkhciqi5gp,15.487958207524539
id_9qs0u03sne,15.627485053662083
id_beoswwa1jg,15.855631642897585
id_6yzetfd0jr,13.066119875337286
id_ip144xmrio,21.13356094103277
id_y1jzpsul42,14.18874653654292
id_irudkpu9cg,16.654993735639362
id_43ve2f04z8,17.573239708533436
id_4gby11apzd,22.316705131527666
id_brzm1fa82q,17.19534464034119
id_cikkzszzmw,17.00283842190518
id_93uc5zchkn,10.006454090995758
id_n6z1o0dpy1,10.283201930429637
id_r9li959sxm,12.645074147634258
id_om1wxt4lrr,16.070431856814235
id_kj1k62c4hk,12.623823451930978
id_x9m9yvh87r,12.727560916405162
id_xraq80851o,12.041783443714413
id_hs3bu1nmse,16.16425714225515
id_w183sk05qy,16.228658538649952
id_ctdw7mpo2o,10.312016468445004
id_ycnd040s0i,18.74472521217797
id_bhghd6qnsh,16.112714332091507
id_yly1mkkcmj,14.407904444970903
id_bhcer2s6k1,12.642424929805374
id_ts9g0trocv,15.415043600757105
id_1qto62qavh,24.33554778104473
id_0wajzy8ts6,19.908814689268286
id_wpu97wbqk7,23.820252403979584
id_zmyx8uismd,16.473101039494136
id_nlxvai48i7,22.713323655339163
id_dkdt1jrmsn,24.51208518040087
id_8kq3got9a1,20.988139869320225
id_lr3rz1e86g,29.246225543575505
id_6kzxrawpey,37.330338165108266
id_xwyw71ldzx,19.07059359013053
id_kkivrvc6dv,27.326422175175015
id_94wuxmw8rb,46.63299697447506
id_3q8sdy56bq,38.91100165040468
id_oc2m0zmgnw,31.42873313392032
id_pwx9pelurg,19.114481485992854
id_acjbfx8dti,41.695148154786935
id_eum8a3klcq,39.98487361752781
id_444jxq8ki8,8.842573097329373
id_fokwurehqu,9.024894751704105
id_20s8fncc9t,11.912221993487952
id_ifa0c3dcm4,13.657385352125605
id_bl23vucby8,11.669694865703683
id_o1949nqyfa,9.828928680069204
id_y3f4c5fs4z,4.054915848249854
id_kdox62iiap,17.982427937354636
id_r8f5l77m7z,14.58592738723417
id_6xieqd6sjk,16.037831712557086
id_g3poszpaqe,8.98915910359084
id_tv3dx937tm,11.097001613558643
id_kufhei9qi0,15.721864812270809
id_6xvj9dnlf9,13.221777688764481
id_977w9neez7,17.084134161340373
id_74zzcs47si,17.59160479380464
id_dkzrsecwur,21.18363887534663
id_fzaay03gtj,15.12304602390488
id_2qlkll1nti,16.824348597371717
id_dkxo29nkhe,17.014439336846603
id_8z4hu1lzg6,14.826157179616802
id_bketz8ikkp,10.254637072058255
id_qbn6ng2ro0,18.058705564198437
id_pa1p75uuos,18.531983689637393
id_hgfifx9q4q,16.050989615661056
id_kqxhxu0vxw,15.973508136479392
id_eso5h6en02,9.734026701547126
id_tcnlwhm6by,22.645106346416213
id_2jgdesoznn,15.630104035322908
id_q1prt1nt1v,16.223176299881764
id_bpey1bdu4z,15.85769941423295
id_0f17xoy417,13.016401046824432
id_benw0ms5bl,16.080586673783486
id_ovvvd62h5n,17.377851590163715
id_8w0x0v8vc8,16.970223279833906
id_sr7nmu5cq5,19.695904603963392
id_uz69dxquyc,11.125920628090109
id_058qup1czp,16.41330399385415
id_9xdm5pzodn,20.072615598104612
id_9xiabniu8d,16.240230693583474
id_e8ov3f0ec6,17.913611515307668
id_ztov1dasd7,13.947322314391505
id_u0dv0t4gc6,17.651259726148535
id_vaexseqp4z,16.028767804518907
id_5e4jtn2k5u,16.34358827031849
id_g1f5h70z60,18.927647323546232
id_ei0npa3d51,17.07306105377252
id_w73v97w9dd,18.029173489771523
id_d01h6zb0k7,17.812479384844004
id_hajvhq9a9k,19.091014223220036
id_wfej53asol,16.650167127408373
id_wkxp2kkhas,16.571800844026463
id_4nx3hdlk3f,18.546710967202742
id_tvruaym3ou,18.143487461638806
id_mdja9rpbvi,20.63676443825633
id_v3lg566peh,18.43263977191183
id_5a7one1voe,11.575886081137378
id_uzwhiiojkc,18.50782446426619
id_13zxbv2bo6,14.051184103171286
id_ex6nijku46,17.369954902105267
id_7dpkk65nit,14.531139340158422
id_g3bd1hun07,16.870045875580054
id_suwhca6van,15.168812526004492
id_nxc1tmyyss,10.541862727269512
id_eikgi2kr2q,4.728058151042838
id_n4o71g7yok,17.046004075811833
id_mpq671lkla,14.937318833882767
id_k8se7sutpt,20.24978986766352
id_i92idl2arl,14.327023404525715
id_5ingz959i0,12.831117837773109
id_bgw3i6wwpf,8.239825955464752
id_80ixty8tal,15.65862245788285
id_0a4e9fjk97,15.578543698258876
id_lbmmt6ea89,12.508994973492396
id_c3flrt1zuh,14.393065408089537
id_cvs2kktyxu,13.971280575343767
id_7mtozwwc20,15.037903568568215
id_dq086pe2mx,20.413822243919647
id_3oa251xapn,15.237386769651733
id_felfdwexf7,13.59920125227017
id_hxzxzh2uah,12.860510587851586
id_7e9nhjb559,19.49841703864411
id_yjzowwtt3y,14.162827346323452
id_kc77exs6rd,13.323151841600371
id_du9zmbgca2,13.86299135893906
id_j4jhp6ymgs,16.721664650113656
id_m5the81w7o,11.425054858129966
id_1s8k0qheno,7.876490226160937
id_b6q1wkhds2,37.30782507999912
id_cz225gdeoi,13.294020040571018
id_8lkvzskxdi,16.34094020112405
id_t301lndtpe,16.33955347521207
id_uzuzt5hcyv,15.14477214965099
id_6n47hvxwoz,15.7073456474055
id_294fhgybq2,13.937676518498037
id_pvdki2lfbt,20.0926472478531
id_5yosfti35o,12.940827709871096
id_tsf2ykay6m,16.268565160649807
id_pddkles1x0,27.73888495140838
id_ypzvugg3as,4.442546580873011
id_ol8i7nv30f,14.757083023357554
id_md132uwbf7,15.338030738018228
id_b2y24168l7,20.11063265974386
id_4yvwmu8cxe,29.110919246726283
id_tmy3b6ts38,11.897005634684499
id_cbq3vn3m3o,19.386125096045788
id_a8umfjb1ge,15.978890761119471
id_8oqx4hgwe7,12.804016224827684
id_y5f8v3s580,21.972034653767594
id_6kf89wa993,22.046022050337367
id_h7yzht6wq0,7.206757076566264
id_95brnbo0jo,15.619033776894218
id_4hb5judkxv,16.622985548341752
id_xun5oyhgjo,16.475252877800962
id_kckpnat31g,21.378735896540906
id_otccfrhvvi,28.68322029268507
id_jn6u5c5cjp,24.9474762109315
id_v933ue7kf5,20.846276865564896
id_mc2i376rld,29.09299357043164
id_9r05mz0idm,36.068534848536366
id_3wfdiqgoxw,20.608243803480978
id_c1n58uu252,33.410296389963854
id_7p5lepxj6a,30.98521738440126
id_lrkr587gkp,21.081075784810047
id_kvnb8ekvum,35.1109016333048
id_mqv32adp5x,37.869495360697044
id_20korskh6j,56.074178835038
id_78f1la773c,52.72875206461907
id_9jtdzf7kcs,60.059778119752345
id_52juzapqcw,45.57894141938202
id_li4wcjkc21,32.69818321800997
id_bwle5dl0sg,33.99529976155616
id_7jqcpniwxn,44.15169770494803
id_5jbtohx3rn,40.60568470182651
id_odokt2hr7x,25.969784227980018
id_kw3winhwi7,27.227318275071184
id_jj9rbh612v,20.937048606897676
id_26j0qg7uea,16.72647522028942
id_ycnpcmmjh1,15.894973326630359
id_7vaqpmlhsv,16.325766399415144
id_c9cup5eoxe,21.211181806738562
id_rxl64ozpc8,16.35210795412478
id_wlrwnnkbc4,17.48091832889585
id_5v07yr6kc5,15.375719062309637
id_twzj5jj66k,20.82994773968043
id_72mxu4su0c,22.76878660268387
id_c25uc85sjo,16.400114645890365
id_ouv903vao3,19.51145645873648
id_zyln20zouy,22.165616316572773
id_gl5zw040r9,20.402595167433187
id_g8wutb862i,22.333246744859995
id_s8gpkg7qj6,18.808755761886005
id_rmsthvc1sd,16.771919657079295
id_ke99qjo5z4,16.108576317758235
id_77oq3gka82,20.103661500418045
id_d4rug7fs73,17.717586745250433
id_0q4rgwhh5j,21.614332308255456
id_6a84c2y7xm,22.809731590285796
id_6q6h59e1he,15.59934973602547
id_dv8a63xtc0,16.574563601304643
id_27ono5yevj,12.90944185965933
id_v2r3sg9n1j,14.635623054950504
id_3p8yrwj992,14.664985176625766
id_wk8q5ydpwc,16.782077964554748
id_xddq8x5dw6,21.61121570757206
id_sharv68cbo,17.84189096000144
id_98fux0thhz,17.02490914935801
id_ago3payk3b,10.887955985989667
id_2bmny3x2l9,14.237308110153695
id_br2ieejs8c,12.25246807262905
id_weseav1xhv,14.364801411942691
id_qwf1i3cj7r,10.645533196252149
id_4fdnb4eyjk,14.757465281341316
id_khcy0c8nrh,7.837394527535284
id_kjsl8ka1vy,10.13322676571196
id_1s4emym39i,15.815449441348356
id_cfswxplen7,18.09246708765739
id_ri3sgqw5vk,16.662999403628273
id_w8xmcsup55,17.91815341963306
id_oskrymtnrz,10.046205561892101
id_a5nzunklam,15.890627843635276
id_okj6k5qcws,25.301348615049015
id_ja07tx0n94,18.721254575175447
id_1cu5omuey9,24.834230099006092
id_ph274c2i2p,15.46918718317785
id_sx300bfhv2,30.291688568461566
id_xlkeen4coj,25.84106012338737
id_bhdjsv4g5r,21.316368529296334
id_doxq14mqw3,29.94964944859201
id_fbog8w5ysl,35.47189102577083
id_nf1gsgtgns,17.705013960850245
id_10f0mij1yf,27.921766980128147
id_m5e0u3d68x,46.65830738535239
id_x6l5iwtgrd,39.29896824303597
id_eyx4q4fnev,20.94981981681266
id_4lfxjvfjkw,19.214294451193208
id_32u710vh61,42.47357788881162
id_zsw4618nnl,39.948526101994474
id_tzdmb15txs,16.20617065852943
id_6ngwi1vl1h,12.16768960233114
id_cqm8i6ol8g,15.372225307536528
id_l7eneup5t0,15.20361230434286
id_sfbjw9ec2z,16.767549862316752
id_j7jqrbwmi0,12.507749373539424
id_wwdzrwgr58,21.89787827585616
id_kk82r8fpuh,14.831077041607763
id_wat59la3q6,12.319423724929566
id_xhxsyxysbf,14.764217991731238
id_actuxo4gmq,14.619510323830568
id_6qitjn8c8r,14.991111449311441
id_jdquy1lxet,15.523286305336022
id_g5325vgzzt,12.535166702386702
id_c4zrpwzc4a,13.99860368941819
id_t5anmg4v7v,14.443414023309721
id_9af0ydgl1s,15.573277686680306
id_9wwxdbqekl,17.392175835513335
id_dtzemr8b33,25.283031696594623
id_qye7rb9bbu,21.292958588321245
id_1s38ze4v8w,25.558923539080375
id_1doz4c69ph,25.501586374743713
id_18tg20wg54,26.177868211035783
id_mf6s46v1uw,17.25963779746738
id_krkw3iqkf6,25.318460370057252
id_tcql7qm01y,15.493466952661851
id_czit7flk3p,16.889054911764806
id_67vafahcsb,23.07406047410257
id_ocawwzqkj7,26.469758807918396
id_6hwobiyszp,21.453099299992722
id_3hit2vt54g,16.1112994895866
id_kxjx8xtw71,28.537683293347797
id_ujvrrf4kx0,23.277605409156592
id_p7m9x0qpi5,17.655915525268586
id_b2w6gxhazp,17.403412473179355
id_0glwf1vle0,15.802608834328867
id_h52hj66b1j,23.89975340161409
id_3ykb55avzl,16.310160886591888
id_4140yukx35,18.558523031925684
id_ejschtytb2,15.748159231100212
id_bt8l5o5bpc,20.574622158465672
id_01tyqteuzb,25.818823192144727
id_xxtlit8f06,17.483616950542782
id_neowy957qe,18.928280055391433
id_ld5ad63fk4,20.4526918574459
id_9wphwvxjbh,20.137944028509686
id_bjwf0gk35g,23.83575507281077
id_nk6t94cwcj,18.829316367119482
id_c00v9db3kd,21.508490794821256
id_qljfbbues6,16.7583768110131
id_8l8rdvtd4z,18.14518519028161
id_ucd95ihefb,22.90792510952707
id_1h25lc42la,15.253529736016217
id_7rkgygr8my,17.363151036527086
id_qrzcnk9cb7,18.883150809782492
id_3osclzuma1,23.06208561774334
id_j7yo6gfpr7,21.761551460003812
id_m8zu1vzawt,14.722113691282972
id_bjboh76f83,14.298286950764107
id_msmgdqfiqk,15.212244680913805
id_9d9nc0plgr,12.49751611021802
id_fnstzi3enk,16.791745825099834
id_3h9gnh7is5,19.509765982880126
id_ymoxc4wuvj,21.38664501520845
id_diweogvo4x,18.02244007284676
id_wl3mu9y4pt,12.56052001719027
id_cypiwo10y6,18.009287707482585
id_qh3anhhrlw,14.1586729862216
id_83z9c83r5i,14.462820622382749
id_s1phnl1iyl,16.98102367041643
id_uqoypd8y4s,15.867895243448327
id_e1c84vnzi4,12.82478121784442
id_duvrjwe7j4,12.662814903016752
id_cpaolr5w71,3.9400236889937426
id_0gez5n5up3,15.29938430582656
id_4dxpvc7v0t,7.724850744765937
id_wy3b3kwp1u,8.28595397716573
id_kcz6mx2ftd,11.052767758881055
id_s2azjdfda4,12.689304115518418
id_7zq37bq2m9,12.072100276601265
id_80ps7kboqo,12.680845287108564
id_wdp8cocu50,19.664075184910278
id_gxnloqrtfy,8.214954211517693
id_98zx0ydmal,13.965984461068489
id_ikydapbjg4,12.364448286939062
id_x9csxregb4,10.634644414172186
id_x726sqebnc,12.571624478821965
id_embux96a8d,13.277517860521204
id_n3zi21eakt,14.492570251656238
id_cmzvbp4gp1,9.55072871280772
id_lh42zi0nvd,11.324168918718172
id_lq6ofubnzh,21.033317128462382
id_ak1gmocab7,15.27579950588795
id_j2qbzdu60r,6.76407742043524
id_4s7frhrx0s,14.34811701039845
id_swwnl6ehwx,17.626673895790717
id_0dzgrhmq0i,14.627127346030711
id_bblmv4qbuz,8.878888707587453
id_ns1udfi49f,14.569932885877106
id_3t4mu9h9h8,24.044611844350804
id_np2i3652hs,15.084618731135635
id_0m1hyk0i2t,23.31922779454899
id_47086vwi8b,16.920841017152764
id_w1v8rlefq7,23.15147474407713
id_p24h3f2r8x,24.913466096976457
id_dlxm63a09x,19.991230819172127
id_ri94vbx6vg,39.81503862510428
id_wi9j0eune9,35.97912382177893
id_0z2yz02gho,22.591822346278708
id_013dywijcw,26.608418623215027
id_whd8ue3507,45.115934289213705
id_wmd6txw3qp,38.990582913283134
id_2uo9nruooa,25.628079372847644
id_cmezkcvthd,18.333874426453328
id_k00w57rr6l,39.11343747468888
id_rm817jen6a,41.59666865377547
id_l2wquc1lyf,11.890586192621745
id_f2ayymfg06,14.448140705009571
id_2xwro4u4ib,19.75241895641732
id_s4gcy5ldea,15.597582084866552
id_llxl5vedjd,15.039963843448534
id_ra9rzjf8cs,12.771932901368727
id_06it7wxay5,14.19035686948675
id_p358wai3ar,14.91472853891739
id_63q6x7rc50,21.773330829712773
id_yrqlregvfr,14.502030491652578
id_6ey2mcbqfl,12.319423724929566
id_xz9gud04ug,15.215129860311947
id_upa56c1xqo,17.431259492395245
id_apci48cec9,14.682693544036805
id_ivaqozbhfz,14.293311083742623
id_5r9lkzxt5l,12.459566724876044
id_q9fyy5hlug,15.394866723914697
id_fia47n8arx,15.560890114776074
id_c8ytbvxreg,26.93672340000428
id_715d169b93,27.7728812562966
id_i41soezu3u,13.56947411084194
id_ghl9lkmkbc,22.967678990647297
id_jhwg78mhs2,22.206095280437125
id_mbp1opp105,27.0847083093695
id_tpecaex89x,21.59452601824663
id_gkqkcuvhn0,20.368275317307766
id_jl7cx8vnrz,27.051477627650243
id_z22ai1ufxc,31.326304354917724
id_cf9eqd8nio,22.989552963677337
id_4nvfqr7bwz,18.362275874650898
id_styx2evpu7,15.776105087717784
id_r4qfxsd6qk,18.574956023863688
id_6ula6jqx2d,24.51857993199697
id_ab11cvvhj1,18.610868883500842
id_lru4a7apze,17.936451278235122
id_1h8qiqvba3,17.030038661624314
id_jocn99q8x8,16.640472565838955
id_yqd8by9too,19.716818796606315
id_3vo780asu2,23.382698040719085
id_t8qspqxocv,11.111018814433688
id_fxt49fthrg,17.72480503418199
id_9hsvvxccfs,17.922197714961786
id_mdox4e1wm7,25.498333314635897
id_e0v37gnrdc,21.317360263601813
id_4higx88y8s,17.762393950968622
id_dzdczy4694,20.566936628647564
id_b9cls7es48,18.585097355196435
id_ii1b1vx3v6,23.053147062676793
id_qjkp2dhlfd,19.614492360691067
id_4tycdb5q0i,17.687242114194735
id_enssz42xj6,17.015840440517223
id_j2lnxkjgor,18.66433271070685
id_d1kz51qzme,21.859275584558425
id_93y706i4uo,21.7322618466849
id_uo33uxmu30,26.45733238698387
id_42uhyp7b1d,17.602848093056792
id_557lj2gncx,21.14681448924854
id_g646xm5v36,17.084557827846773
id_3u2zh5sctj,16.075124625494237
id_88m5txqfk0,14.178054878962985
id_636veo7myp,12.581356707405662
id_mw8i11x4p5,26.20652579269936
id_i01umxhgoi,20.33406674725785
id_7htzho5nfe,17.760027613813218
id_rqvyvvqjjo,19.8864753191715
id_3sw1g6ujkh,21.66247181220736
id_7koyjh6lyz,21.65308397824075
id_h33dmmxmxt,15.060583630582089
id_b4zqx3ey2e,15.597030647880523
id_rigbnum9jj,21.26342072025352
id_hwnk2tvpjh,18.972722845202885
id_3djm31ze2k,12.49751611021802
id_y1b1v2oco9,14.22635467055828
id_uiiqit3mio,16.53029787385478
id_qjv34s9tgs,19.509765982880126
id_mw1dkfs5o5,22.56926104297841
id_zgolsofwkv,17.012075884659723
id_gntve7cvte,14.935259770044162
id_mv1hwwypf2,15.600377895925085
id_66vowuru12,13.555630531609674
id_718x53xw5l,18.635759873081092
id_y5duq02fcq,22.64854002325646
id_nabflglwpr,21.810339775088856
id_m8gl9o5dbz,15.309517699443312
id_s0yzedmwy0,13.048738908836246
id_n4zpk50eng,12.65662313248271
id_bf0mqyujkg,17.581765455746066
id_db6l9ymytu,8.975807343964451
id_zzhsplt3ae,3.966571776441851
id_gxvybxvz61,17.085580929216274
id_2hrjgfgo5c,7.488857229543139
id_qnvbhvfvfh,9.58390673510088
id_f4j4e8toay,12.865717205175045
id_yh8x8izood,14.664884578353114
id_r9gbkhu2zs,14.791276925826063
id_hzuko4hsbs,9.29939233128843
id_4akcsf7v23,15.640126094103156
id_y4a4bry0za,9.440491253528156
id_juefa18khg,19.669622763774118
id_8pg965n9uh,23.886960659956706
id_c1qncxdk14,14.663330801688357
id_fxdpjby57j,17.665049600492704
id_maxuuv6qwy,10.409467909717812
id_hqp1zmq2rl,10.445397822515556
id_7mmcd60iqp,13.687951643651402
id_5f3qz4huj9,16.67378591715557
id_m6vn47j4ge,12.975260219438997
id_mkyjtq0uj7,12.184381285662315
id_dd1qog5gsu,11.233253839305526
id_yltiy4ct4b,16.637099997400433
id_l7g3rwiyu1,17.340810511095334
id_y0nex8ki95,11.520158765483444
id_trj4ropjy6,18.544729842086582
id_xkfnw0mcvh,17.580008087696932
id_j7zs6cpw42,14.605941524052248
id_o55nqbxkhg,12.227198067841707
id_l3neq81nk8,17.00928604371346
id_ft7ki0jjoc,25.97187895324889
id_1doie955wo,19.981734415628964
id_pap3jy3v7v,22.799672217989357
id_64zbc8ou3g,16.2186808835615
id_1ssvmd37d4,23.42494391333296
id_5i93sdabtx,25.84106012338737
id_5oej7jiuyx,22.78208361417441
id_es0jy27ww2,31.92424960135939
id_ze9u1sfrwl,36.63812368913869
id_3y84kki549,19.669340254765412
id_glm9sjal1a,25.4261448190305
id_kjp8dcqhsa,46.98998290882763
id_2s4n7u9qbe,39.278920312464656
id_57l2n9hbxk,28.672470446031127
id_0rmqw3hqow,18.917311235179962
id_uc46nrbgzu,40.65420415455241
id_zck6gqoy8o,39.489506995012896
id_kmohqwxbue,15.91292594901828
id_dswkvfgg96,12.560476749884348
id_72kefc7g3s,13.089282149562317
id_fsdqdwkhec,16.88908488574988
id_yaf7kh6asz,18.067567906433446
id_d3xd7t76g8,13.640276435296487
id_ekxnkkalys,11.479263240205837
id_foo1qhnhh4,13.233882194321327
id_4gaub27eaz,15.139363614910591
id_u8ysh8pwg1,17.536641022184632
id_zwxals7wca,14.960777581221466
id_qs4s1l5v79,13.978762901787809
id_k5fj3oay3x,11.364422970684485
id_3bwp89pu3m,12.929534309014043
id_e9eglkp5vv,14.727445911406665
id_t4qjrlzxns,18.64637005166285
id_kn8xo43og2,9.23385828031715
id_48859izqh3,12.712198389326119
id_9967xanbmk,16.38609189572156
id_eh3ys96anu,17.844389863009127
id_5bgqsh9x4k,16.248386082494285
id_jwouft46is,12.604559648358263
id_3ck9tvimgh,12.234574607733983
id_n6s7duali8,16.151260395441888
id_6kgl1almmg,15.091274586296013
id_gxefptsqvq,15.799642360049802
id_ygnr1sn381,15.668208535570384
id_v3y11kgwad,12.284259839946454
id_q2fgzp3xx3,17.938691699687162
id_s7k292eya7,22.231834490477357
id_jt2rysim4p,23.92020269547327
id_yn9vzuflej,25.748410427864023
id_362cko5nwx,14.876506667977429
id_d9dv3lr4k1,14.57016223867126
id_10un4lyvek,21.238600703919698
id_z0j05634v8,24.406362751438596
id_txhxlogsxn,23.937280235573994
id_18c3488pxk,27.243440778573913
id_la1ypixght,20.51427376113668
id_t9njgxp6v6,23.877602010915552
id_b8yn1i9rx8,18.050807406000754
id_o2y4vg1agv,25.908170895106746
id_fvx3zhir92,20.9018272172891
id_nfj7rfs9a1,16.343452406671453
id_b9q3y3r7t3,16.18095889982485
id_yio3jfuvmy,23.047865616794812
id_54qfk101o1,11.019747577820707
id_vox6mwiloh,18.21862129049373
id_u1xceey131,17.34339285355335
id_dxpgh1o1t3,24.344423601141926
id_2ujws46vir,20.47489312720798
id_2n7hyhtkrb,16.845009477894695
id_4779bmeme0,18.673041090704494
id_b3eztfwajg,20.515088486369844
id_f33f3mdfla,22.369931575830734
id_xkpq6na5ee,20.789794329445563
id_3ihace1d7c,28.573068834706543
id_z6wylocn17,17.475922553561936
id_pm68i3c3wd,17.143082059971707
id_trjqjao4jd,15.68201824587884
id_1w15d7g4ge,19.848944798424018
id_3aici5cdi6,25.3392096907133
id_kbloxrog5z,18.829316367119482
id_ovmpiycff0,16.073334902297237
id_ly3xdcti5t,18.63304068076721
id_qb0ptrppyi,17.8156247106886
id_wxb5nd3qgd,12.3950863709991
id_1ry1ir7o6d,15.745230593226264
id_6wbo7y25e7,18.848350475470216
id_tse3bpfaes,18.68981933023008
id_9n988uuhtq,17.84217928370981
id_nzhdqdkc5b,19.72956433005263
id_4gabr5bciq,19.33824342450242
id_dc61oe5crn,31.22812658023582
id_7lbdu1bryj,14.275875642669495
id_mhqk3070i7,15.369206404057028
id_thtyylis4v,17.171228810355068
id_5iiheoohcw,18.809725417558546
id_vjiqa7ykcq,13.871321108529079
id_638vs5aq61,16.092893155001846
id_6cjnt5825x,17.894783839122823
id_534km866kg,16.27705072420523
id_fzkvzetszz,19.137753641150496
id_uwuc9e0lop,14.498938593578703
id_ncfz0o03wc,12.622073271796408
id_1sd88o70w0,15.855631642897585
id_9q3xoxtkc5,16.598242305279086
id_9xf47hwalo,20.056669154513834
id_c9e6k7t8xv,19.66486046257921
id_60hy4zghxo,18.259963469874254
id_vcj2pr28k2,11.71690668670941
id_nik15zq29r,18.75434235537089
id_gbsfx2i90n,12.692002151594604
id_sm9wfzdrfb,11.081657890521306
id_wa0hhql9xd,8.746055396008865
id_xyicbz69wn,2.1067102799281523
id_fzfp1gfiyc,12.243260345823765
id_6jd6rh3joo,8.530042548010075
id_hohuu1719a,6.244198540674968
id_45rgo61j3e,9.27975643294397
id_x29n2ig0by,12.277062073570258
id_6pqpt4bc2y,14.474377128059297
id_kix768jdnh,14.539560808585462
id_p4u0awuwyi,11.608669840237784
id_5pkc8dc3pp,9.691802997313376
id_o8g3g3fyi1,13.27068819023824
id_gwi1towzf6,19.975642706961988
id_tl446ky5so,5.904238198607239
id_fv0k1xke9b,13.967821865374653
id_17qgwq8hor,5.096804482575042
id_h169vb8h8d,14.029167402270549
id_vuv2g91m7z,11.130434902640921
id_o62drksqmp,12.222699555148345
id_uvitqz5bhf,13.497848103128241
id_x1v4xuet0h,15.100171245503827
id_jr4seoen2w,16.021623081345304
id_q1efjaqgq0,13.358937938167498
id_ji3o8np61b,11.750056160556216
id_vp8mci8xh0,6.498465433714162
id_x5f7i7wjcu,12.351683748848124
id_eej779rshs,17.71145582683467
id_l9g1xrh5vp,14.587767079218015
id_9qz231bbzd,9.58386029432421
id_3jf3q7rnyi,16.507817701578137
id_y2oiminmvu,24.323168158888794
id_kj1d4jsmhg,17.170485444696652
id_b9dbh7l628,29.659111676207445
id_qkxd74j593,17.981436602050433
id_f9aer27ojz,20.34382222240814
id_v6ovtq73uh,15.898393959729377
id_dha8u73072,16.648854814278934
id_5cdrvce6lw,24.144218217144278
id_05y9wpsdwc,23.76804495622189
id_ty03p4f7jh,24.595427805764132
id_4rxcuqqsqp,48.33990043790059
id_x8pk6xpjba,38.32647127258053
id_rjgh33lh9s,30.009164314916525
id_07eag0levd,19.215613837715612
id_vxesong654,25.204742449583737
id_14j7bt588k,27.783197760067342
id_f63m71zrb3,10.569119209719199
id_o0xatx0hcr,13.901849647808335
id_96xc5f8bgh,15.122547820977568
id_0t0yv19f1q,18.374556599419886
id_dih5frts8q,18.986107334433513
id_trmmfm32qe,16.068064655163337
id_hu3sq815oq,14.946251477172487
id_cxfmqit9ap,10.551599857233954
id_7izfmpd326,14.940738668976804
id_qd0tkswd2a,13.64113210279222
id_otlb3hargz,19.595573853073294
id_st47fowvrj,17.36950120474046
id_4h4pdth392,12.319081484873587
id_g8trb7wy8n,11.217490834450025
id_1wx11gvom9,12.960520627953237
id_rvq5ol3w4x,15.328150892686907
id_7sttnrbjre,15.292940951403132
id_pip7eoyzmk,16.09379589895418
id_lb56ukrqt0,15.351343793896197
id_0hyearkq6o,12.931007773724511
id_mr6v3oygt6,16.600315440555384
id_yzbu3830gx,19.719412454995602
id_94p4j6yomt,14.386855257929067
id_53xsefo8ab,11.479263240205837
id_ymuv4r55o4,13.029182466944766
id_nqkiglgq9k,15.637545119352518
id_q6e19plrfx,17.654956334351542
id_poxowfpijt,14.840397616439068
id_qgt2oyneg3,13.978762901787809
id_kr9teempq0,12.381615202098525
id_q43rzgs3e5,14.324708979198643
id_uk0j14fgpq,16.28859889300452
id_h45ejiaqqh,18.760255881685282
id_u08b48hrcu,15.168185639716494
id_jdgiv3t50o,12.712198389326119
id_8h5gfrz1ja,16.002336416307042
id_mslk5ay6w0,17.94209571257047
id_y3hecd28lq,15.548456340439149
id_9cmmjowuen,14.721371611379707
id_3clagfxagj,12.358527673722099
id_8sttc3ns1m,15.097160431778729
id_uv4kyh58kt,14.612807264455105
id_zmu5hapnm7,16.353335009853033
id_ybt3e2qbt8,15.668208535570384
id_yvdig97vvd,13.429857432516943
id_wbsyjlsxkt,18.255072834961624
id_39gbv940fx,23.79495272195979
id_78sb1wtf1t,24.386846423698003
id_o191u62lgc,26.529344776642414
id_na0qbpl8m9,15.271562797923572
id_daa5h53t2o,14.57016223867126
id_z1zg8tcsm5,21.242997876467875
id_dkvf88hlsn,29.342631760653013
id_qltsdtf4pb,29.484903159542178
id_rcnbilmlv3,29.69200470070995
id_rjcx3o5cyf,15.560890114776074
id_dcvlcfgert,25.03308914598795
id_jujywo4op0,14.373273992470715
id_dgbg639yj9,26.921345404863132
id_rifhty9d4h,22.16237063497272
id_4cz74rv8a0,22.99175369571179
id_rjuh3wooi0,13.958915379240201
id_26raoqfw3b,20.900757425729644
id_yleyy5sp4g,21.666393206161924
id_7lq42pqlpp,23.356148041754842
id_x2m1scwodc,26.90329379731632
id_fs6ppj71si,21.59452601824663
id_0kq8v62wnx,20.181964953784604
id_qrf9ul8pfd,27.50847654400637
id_7k9rf681ac,29.287773399298043
id_0urpsxojw7,23.232527965568725
id_oj7le10r8n,19.880948228281458
id_8w44b89inq,15.37295158100409
id_jooksgf7r5,16.455214169456127
id_zjwzzwzjvp,23.109882803531566
id_hit20lvy91,17.412129474764413
id_yjzrxrwvr1,17.072311303152823
id_ba1airy6ru,14.005041118418692
id_fatkzdj52m,16.376921834939726
id_h6j3ijc59m,16.15827457690988
id_r29rhi7ayb,22.92306445145821
id_n2328yoyny,11.019747577820707
id_2i3htqk8wu,17.963887975629216
id_y8t6iz10zy,17.907180101902668
id_j2xlsmt1az,24.199325800490712
id_zul4loljtn,23.13938081059902
id_5lfy1u1m5t,20.087774289461564
id_4r448lp054,20.30638488057953
id_ks3yurf69t,19.606694900360985
id_xlx05ev9ep,22.476218332109845
id_ybqhvfmvb4,22.324642055206283
id_osbg0v4o7k,19.355008387299023
id_34amm2jgt1,17.00443234043809
id_651jn1ycqz,18.39285750608359
id_bjh20jwc0s,17.33061413552205
id_ev56qyrn6d,22.12285669081059
id_8zf79ts7q8,27.49533598327634
id_fsat380gb4,18.829316367119482
id_5y6h6w77t4,20.433959512338934
id_ux3m69xsv5,17.483955553849764
id_4y4b5x6oqs,15.810252324110781
id_4cmqu4avth,12.3950863709991
id_gd9bm0av1u,11.649980351233877
id_wkp093zyqi,16.67718517407365
id_ubo7o5c61g,20.61444613727095
id_da2q2o7k02,18.114252154186754
id_sfcmtklyr8,19.72956433005263
id_qon3ototf6,22.926519659025498
id_b1pwwzubs1,31.22812658023582
id_idrbyq1iwo,15.060583630582089
id_eo5tner8f9,15.597030647880523
id_dsl16jenz6,24.14697492295874
id_v5frf00iux,18.972722845202885
id_tijwl63sul,11.255858813569013
id_4nertyfo2z,16.451802447567186
id_1h3y0ycsbh,17.78059450788696
id_5ew52k2xfs,19.351612124975134
id_c1hedne5tu,19.19873914815438
id_drxgi1b55w,16.370720687699997
id_b764z0tp5c,14.462672042738044
id_n3ksb769k6,15.855631642897585
id_jvruvalbrm,15.941032951495801
id_qv4ehj6p1w,17.673002474095522
id_jxdgurw8vk,21.669529465645507
id_2ymafuhxw9,20.410099572475296
id_xgqoe9srqb,14.892186629271462
id_swi6t9g6aj,18.75434235537089
id_ttjz1pj6fm,12.95028826269505
id_8xv38j3a4z,13.43138086404688
id_yrqtamezkd,8.746055396008865
id_dzmpo7xtkf,2.042366780342894
id_u98r20l7ih,12.325785503248344
id_15w4tm2lvc,8.02519531246646
id_f2rhz6xl9n,7.957155063490595
id_so3qn2op6b,9.27975643294397
id_j5evcz5irl,12.61762870950174
id_4hfhscd1n7,15.201082467198972
id_akaaqo1io1,14.650934777587747
id_677lexrm68,13.314007192195307
id_4555ud3olu,11.606999478186834
id_b0q1fq9sgn,19.752241851539107
id_lbljktjgzg,7.544302732931686
id_ph7h4vs00p,14.541153660713332
id_8k0yeqq8re,5.62505511976456
id_0z3pcoyibd,17.50153038181009
id_riellbxfqz,12.071638140324573
id_22067fyb6o,12.83028507392023
id_fcxnbnpbtq,13.578006185274624
id_058r7cipy5,13.263357197492555
id_58g26ly3b3,14.450023157892137
id_hfta2jdk0t,13.433320355726341
id_l0z16v7e6t,13.528831448701364
id_z696ot1p1u,7.8186910473739655
id_ok22kq81e3,19.422131419184062
id_8c4sb9ee7u,17.43528802112564
id_j83bo3ks17,14.494199448979295
id_8vcb1z1tah,10.84751725877389
id_cfy6d3jhx7,16.37990636183697
id_krv1ca6cfb,24.989163217258326
id_3d0miob1p5,18.361124357502234
id_iib9ayuluh,29.659111676207445
id_t5k9sx5xqf,16.693569168977945
id_zkw0mo1z9v,23.5651874445748
id_sjwqgvoa6l,16.14104690602045
id_vzxomw7xu0,17.07584889888008
id_ig9ksmea4f,36.61083656538893
id_p70jdvpgtu,36.6018969322496
id_m0gtw6nh7p,24.838424640723783
id_i0y6y5f0km,25.4261448190305
id_hyf3spl0wf,51.70553022331117
id_rshwplefjs,38.133062626377416
id_3b0x2a5kdq,30.97045553695803
id_7d9vzan37b,19.326389493333494
id_1ma4lggm82,40.56003215930623
id_pym8ooemqb,25.58988984817022
id_b0ww1vi7ut,13.459285169411839
id_43huts58gh,17.681246835040927
id_ivuzjmumge,13.189560153007625
id_643x1kcl8a,25.04572918069477
id_8c62htwyf0,17.427513606926347
id_gbcegwehwb,24.280242595282843
id_hx6qnu01o7,26.240745195145067
id_r69gk2kevv,22.67366372990094
id_rfr69eoy4e,15.1543894035796
id_p815xbtmh2,16.303865344409704
id_q4htbc3mv4,18.49783540545268
id_3qu1qg5an9,22.88301474686769
id_jxt2raj564,16.52636915756452
id_whkxth8443,21.551342164499403
id_r5h0grolrb,17.951346666228527
id_gqz444p0t4,16.479816630089353
id_cm6tbu9klf,19.365010596840282
id_6gaw1mpb98,18.197373220855454
id_mi6cveknqi,23.919072520358586
id_hrztm9t3ga,15.378308270383481
id_2f9mvhe5a3,23.211073484255948
id_yrz4dphzc1,17.153480557874985
id_zngjgoo2dk,17.591580059387137
id_pxwxzopg5w,19.509765982880126
id_c40jzd2xtz,12.64463491616971
id_h0w3y9kfum,21.88015643543268
id_78loal24ig,17.392047694609925
id_a6zbnq2jfl,13.76000090434462
id_dwojdf96vz,16.111855276702876
id_kh8t0u2ykn,3.9096690426162986
id_ulncgfoozq,8.373182337570181
id_bhaumyn0jh,9.807773196166206
id_75yu6r1ix8,8.708999422779337
id_nvx1ah4m6e,16.271780367705063
id_4szygx4nu4,12.293558486154682
id_cfhk723676,12.546534130908634
id_rt31sygm68,10.818613166902265
id_dwxwdulu8v,9.299993518755713
id_dclo8jsxow,9.979279411502326
id_u0imoqh2c1,11.676454419519219
id_a4d6g1lekm,10.116428094376225
id_cwv9ah2kuk,11.259619234135121
id_1583r9rcn9,10.118670648790268
id_55v93496t3,13.379325475820403
id_p6iewno0go,9.267346667869063
id_a3wluzck8n,6.6267345884065625
id_tg3rfg73mm,17.46248008512573
id_haijdo7a8j,15.704988667829518
id_aukksta5ut,14.190895923001863
id_vwfdch92yw,6.010239066340278
id_vr9rjzdio6,12.924701553890396
id_hq9rjuwiqd,21.058835597845164
id_plkyx8w8df,18.349195141573016
id_mps4kqn7xr,23.98973689194626
id_ohn2jvlaqc,12.518356405195139
id_r2vvygjx7z,23.25887478835832
id_8ythlcs4u6,25.84106012338737
id_wgho99po2u,16.54082912210386
id_y9o3zgw71a,26.628788468233612
id_5lp79xg2n0,32.67600009226104
id_vni712633p,24.180730443146395
id_j2425ljqo0,25.253976537319303
id_01j3m051aq,44.041756985133404
id_r0n1tbsc8k,35.276013764882755
id_y7ffq95y6e,25.39312660815124
id_hajr115naf,16.510444196181446
id_vvmmry71u1,38.32237954479341
id_vp5euuu0a3,38.104058648185436
id_cu85lbcwzc,15.292940951403132
id_p83lwl7p4d,10.946543192641279
id_xnvv8228h2,13.656613899748011
id_t8sup9cci8,14.764547967698245
id_ryshnzfv4d,14.130711829886557
id_h8xe0d6wnr,16.944096769955493
id_y3i49rn3cl,14.284873308718755
id_q2e9lqyx5a,11.594741004832867
id_rxs1idu9rd,14.312970531187029
id_4oegd66w25,12.806544492845553
id_bb5wq93x8f,17.97876790711819
id_52ecm6umwm,15.589378425884034
id_8dwwuytb5v,12.78925723354504
id_zzjc7k91lz,12.965714027282173
id_13zklidhjm,15.124648116819442
id_3987oyytgm,17.35538983778161
id_vrhp90mg8w,18.34425870110013
id_qxd7crl1kv,14.846156865292272
id_c3yqmpgirm,13.29479008979594
id_m04u0g3jmm,14.307464193463863
id_oh231618a0,17.528664458690223
id_mq7wn4kpnq,15.352729511467626
id_1s9kt1d46m,13.888158599459686
id_o2jovbwixk,13.756527353709506
id_lbks4puqps,15.327720218668865
id_s12qsk2fm3,14.736204014564928
id_oy724ak7cq,14.986564093972465
id_g27rgw6pl8,15.668208535570384
id_uvlutbrlhh,12.877696968143821
id_uejyos5gh3,17.29384195650023
id_9hys0algtd,23.958250289824022
id_ga16h299c7,23.623779817472318
id_gxrrg3cnlc,26.368491728700604
id_7mz1vu7g4g,19.794424799786384
id_g2fmh836nu,13.769770660537542
id_yxk6h4ayeh,24.0706746791772
id_unsewqvn1a,26.554006436700014
id_1e0dh5jqvo,25.96021952539406
id_ieyz0z6h0w,23.86367092820008
id_t72jq7wg7f,23.780872314086707
id_h18rx6y3e9,25.859444233463783
id_70v67oh9n6,20.943385135151136
id_jmw9nldr1w,26.555454931423686
id_484spy9w6i,21.59322577628737
id_g65c62aekm,20.702946093574162
id_wv3teofdra,14.218982483784327
id_inx7pj1zao,21.610970909947554
id_ny05t5mh1p,19.66052866053058
id_u5tjmpvirk,23.65824369412104
id_svoeh6do9g,25.47505287481644
id_m25fiokemr,21.59452601824663
id_ot5b3e3mun,18.225900855420218
id_ssjjy0d17f,25.98924600710603
id_yru4k5km7g,26.917736335179498
id_gr9x49t37w,22.291810681018084
id_dmyl2a0wte,15.612183924906724
id_hc5646p82r,17.548641607038878
id_elm57z8vqj,21.58071828315347
id_u0fstcz8di,18.45024252929243
id_qttfy8k8h4,15.580000611856237
id_o3axo0etr3,12.014964153093375
id_2q9jp9vnu1,16.736056713189733
id_q6ms0le9xj,16.89755217699673
id_f93eoya8id,21.739215313263074
id_hueq8wmyii,14.971362494068154
id_lf0lyj77n1,18.27038140753044
id_luf77c9for,17.691996664952455
id_d0ssfcbe7n,25.316776337460364
id_qec98cuhd9,21.457949261512695
id_kj1jee85qf,19.51101414113458
id_tegcy3ymge,19.923085484293207
id_qtt1ub0cqr,20.310972375156865
id_f0n6fd1fzf,21.483042695026736
id_h1ar66egyc,21.38740220643976
id_81jnrshsul,27.01713789839568
id_jcg12akmp5,17.243664684340718
id_aq2pxbmh6f,18.010284237195233
id_e0qqf76fzh,15.864196207703682
id_wg4g9os7j0,21.21025954668522
id_3oodaxb9y5,22.74032724334358
id_kbmagd8awo,21.075978572376698
id_j9h3i8oh4m,17.85873790109098
id_hasyime9kt,18.487673077674625
id_sp1rci8n6i,15.588938592887533
id_pyl3gv21d1,16.914444201097243
id_qal583nrjb,16.499873155362305
id_0jahn21yg4,22.208753387785062
id_cdgc01qbv0,18.31776162060239
id_i6rcrq03t3,19.437342940307754
id_8u55jf04b4,19.72956433005263
id_m6pipj4ki2,21.751389248293947
id_gy8s836zbx,25.414899910017905
id_0uh4v68wol,15.00970888362593
id_7fcx2np47p,15.597030647880523
id_6wr20e0qhu,18.04087967173795
id_tof6i4dxr8,18.972722845202885
id_k9y121i3q6,19.057323336894253
id_ufnloy0p6l,17.257509306857823
id_bmbz4ag2h4,17.22204472328129
id_66fiqi3hb7,16.37307511195647
id_ao488ekn63,21.399724396088274
id_qa08032ux2,13.356552224079072
id_dksj4loxk5,16.382895408521346
id_xcnbk7we8b,16.314495545547647
id_d01xs14b12,14.999547641787105
id_gtbikppc9b,18.214430858438647
id_vexdtontsk,21.82053417748519
id_i2u4lru5pj,20.683566880625367
id_jd4dzel6u7,15.020747215254787
id_lpa9r07z8b,15.398492440207354
id_51jaijw22u,11.880058831736667
id_banl3q7xba,15.81233069263352
id_vutwngujan,10.778323731771797
id_8ymb5tnc39,2.643299911923091
id_5o92himecd,19.920827831630277
id_j65gxna4nx,7.710388870309931
id_ox2wsaw3ia,10.286143827123754
id_k2707sckem,14.666680414435334
id_mpj0lnxacc,18.060427727976794
id_xp21rc9wlj,13.031940868849002
id_95qlrnfn3m,15.45598784275816
id_jjc390qqbh,9.245065674618148
id_5q6ntj5feu,17.694327973117897
id_ulrzxc6or4,19.968320982919497
id_wyvwl4bqdu,16.919008009685644
id_f5b42pbalh,15.592612396667246
id_3piuxvnarz,6.089873726594076
id_ujdq27dnuy,17.50153038181009
id_o3842mf5fv,13.281867452743787
id_vt4p2wegs4,14.573864802668716
id_z4g1p19t95,12.053449073336644
id_bhmbzfmckd,15.898564822222582
id_lx1nwyvve4,12.227630542516337
id_4nsm6zzd4h,12.11534162409452
id_9jra8eod1e,14.777861491035122
id_qbc2s39kpt,9.43861399742525
id_hwtnn2m6nj,18.65706602292684
id_xmn0zn0jvp,16.52903501193559
id_5022yedndd,10.81895286931984
id_wdxog5yev9,13.451628398665687
id_aokky0eeqq,15.08673062193168
id_1929ukjz7m,25.28647878894625
id_6ezdibfpl6,20.45684443694499
id_muark7nz6q,27.896783788446864
id_l6s3otmx1p,19.837721064080284
id_evzd01c14s,17.827258133654254
id_h40j4g6lko,16.12256740983757
id_kn6e9u36j4,20.05211226896247
id_8j6zj2o5v3,30.389001530720982
id_mdql0oe5vo,34.11251660132813
id_0ejmzowt7c,18.825972037504847
id_l7koi9bqvu,27.39812280041384
id_zq9peruavc,45.152842119913124
id_w9vfge8zvy,36.97785309978188
id_m1u3t8z35l,31.172381445448494
id_2akds1jali,18.95197003334632
id_wejvfo8xac,35.13154861520443
id_wdhrtx9pfs,27.467035837329355
id_ss8ixmpjdu,8.717412689459168
id_8v78f3tzgd,11.292020605728755
id_1mnkwpnpkp,10.527709689933664
id_jxl5nffktz,9.900737123922022
id_k4hums63fu,5.2355204955364805
id_cb40n09vwf,17.268074071705566
id_ojvdj9l7ir,15.386898285249996
id_8xzd5q9b2n,17.66914458380491
id_a2oil7cfw8,9.606143891796723
id_3eb707sqy9,11.743803410457232
id_fqpoallv5t,14.534335579980421
id_a0lghu0yk4,18.84520970476981
id_2s5h4jyu48,19.36338361621629
id_tfr1w48698,22.464092392743584
id_jw7cwte35h,17.528063184644836
id_4myw2ppn88,17.867021778229336
id_nu2j6ezn8a,12.417666607377075
id_1pi7rar7w0,20.525142486192035
id_lp1eem68uu,16.378416164345865
id_i59r7imuxn,16.815270126357206
id_jfhvjfzvfa,11.056057924803998
id_co08yelk6i,20.743430033699678
id_ozh35h3nct,15.159325832360135
id_cf9woqagxi,17.4725708312269
id_4pbhg788eu,15.512417830665562
id_xqnx58hv20,13.12643737597492
id_g7e6fyre5k,18.67512094820705
id_i5kwutfr3y,14.243258241122629
id_xl68jb742r,12.50960861544448
id_dcvf785h1y,17.327535037800004
id_n38vpdzrl5,16.280069922888202
id_8520840u02,16.49627981257523
id_27mp59yu1m,16.4247010918609
id_053nn3pbfz,13.416420667575997
id_1hkqlxmn2v,19.576428854980588
id_h8b77jfadh,13.81340703832127
id_ohfvgfke8w,16.798513857600206
id_i89aiadf4j,18.30854366379867
id_dczobb4ttq,20.14036944980402
id_xu9ib17loe,19.827998438721654
id_i9njn3noh7,17.781068844083578
id_90v0etup0d,19.176648821110614
id_9p6b0j3eu6,20.174999868643496
id_xbtp6hvq7f,17.71578608599012
id_4p48d96fhm,20.281394640805363
id_34ll84rx9f,15.391978573630405
id_xvk1eas2cj,16.03753911025794
id_u3byzh8on6,10.981227021227516
id_9mmhnd07no,17.749540983063355
id_tf59fmc5uk,6.430395611624413
id_eu8lfqr566,14.997575648320863
id_quspwoer1c,12.916010374107012
id_1udgdtpt4j,13.389837984327766
id_mp1wgahaac,15.208510573890331
id_ah05rwmnc0,14.076901693920984
id_99pzz5yuak,13.893305804457873
id_sts4gl2h3h,13.307827020266545
id_wkw4zd0vo6,10.086069348733483
id_42mzemmqf8,12.691040973899963
id_pfup6tmwcc,23.685545229382253
id_g57cpderdh,54.794545869179906
id_snv67pqv74,16.668567657579935
id_9htd0dd4o4,17.547982453820588
id_wvy11x9u8t,25.8529408726728
id_biytotjie2,19.07126232850311
id_xtb5hfw6bd,12.793372165699031
id_65l5hak91b,28.074458786869023
id_16p4qjzi91,26.87210968879728
id_fa6j0h18yu,16.77411758433224
id_0hpi956wos,21.515996468474306
id_6llaal44lz,16.929891820002645
id_bg7586se6s,28.756403057146173
id_dr24ka6xxv,10.84607700667468
id_zova02slaz,28.188424122412837
id_4aa970r08o,20.19854127989484
id_5v2k81ndi3,10.067277299606259
id_w0w2t7llmy,24.89021462107183
id_3v0pkvcpfh,7.191982298674929
id_5jyp9jh31b,9.378166362793408
id_s851gktvnq,12.73704420500022
id_0c31rjprf8,12.858018043654639
id_iclf8934dw,9.425959803261739
id_i0kzmw9707,12.318385775211894
id_mh8gne9yti,28.795594527518695
id_ztrwp444jx,20.93864716176622
id_7pzbvg9uxi,11.876440185716564
id_zyh4qgghaw,23.492550802983942
id_tirnjget2u,21.9392080007482
id_f89ptvm1ms,28.131486443912365
id_s5dy4d934y,33.39052107629266
id_0h4f1xrjyj,37.32407273984156
id_rbat046yjy,21.998271951723414
id_6o66xnm1yu,42.73371021602748
id_lv893wwhs3,43.86481196377326
id_t6381wgsi2,33.57411850442813
id_sgt84ewftt,50.36898108068677
id_hbt3rrighm,33.52101416270812
id_gmsjw4fd0u,34.612037163321006
id_rfko1do0hk,24.704012285271403
id_zbl8jgb2uw,7.907451336917058
id_1syuqnv0zf,10.359883661003826
id_505znfwne9,8.587445593171797
id_64xsijlwga,7.434882117426722
id_np7zxu024l,27.93752753144014
id_72gfwpdc4j,9.694539851189505
id_0cmp4g2ubt,11.953824741962299
id_e6wx5c307f,10.21016489970398
id_05luzgibct,5.504057807293678
id_13vd6nfqlg,14.813431100745303
id_dk3pcbei6n,16.46707453348116
id_b98ce0qkq8,18.392272610242888
id_dul45idm6l,16.792447582243717
id_t0xjo4dade,18.559306773131652
id_nk6tuv7y71,9.549251776897538
id_eg12ovcwpw,12.804320433702095
id_hlwwfh3qu7,14.428632720179625
id_kkhhupasf0,15.122421435350146
id_gnh3lx8tp0,18.84148205449368
id_k9sufsvlha,19.09839831878475
id_ars5keh0vw,19.305421516384474
id_r3gn7hnst8,16.330069005173822
id_asxb2wtleg,18.755419427698385
id_zbfwtwc0o0,17.253834290453103
id_y25nozzr46,16.89188303154125
id_hvslvvau3s,10.580291184338915
id_ow5f3qjobm,19.88479136526179
id_afzc6ul1wy,19.49449283124407
id_xk9bv6spi8,16.33806298026439
id_cd4wv6i21d,20.945408039116597
id_lhe7t7ml8n,9.547128139430681
id_atxrpetdw3,22.665451522245046
id_0aj1mxix9q,18.95215656569256
id_no5yjlcm3g,16.473092089696337
id_bjvx3ng7q9,16.056861588031868
id_uvoli7jkk3,16.28128707075403
id_8le9qqlixz,13.7472486596572
id_a3jcz7fc27,16.26935510591421
id_793ke4x5e5,20.247950728121243
id_loljxr0mo6,18.830797584181628
id_0v8evpy2qs,16.457300228749123
id_0bmqcvks9i,19.033398586749822
id_ug9e8wl8h0,16.62405668861673
id_aonmnfwfqw,18.493880132819605
id_9h7w4b7oww,15.545869189646092
id_6gxul944md,17.161289626716606
id_8y3pcwqv5b,16.187819358864417
id_6gvnwx27b9,16.167334841851826
id_w0zxvghizq,14.270046908539182
id_wmscdo85fe,16.765347599263666
id_xrbsdkk2c4,15.833212147931155
id_pcqx5u6le6,18.738987768324375
id_6smk5au66q,15.595257832351729
id_xmzhq3a015,17.361229714079727
id_ueml1oc6xg,18.750061448208694
id_tycn46bdt5,19.616533513889838
id_uhm4o38ksa,18.66761022255745
id_zz4zc4dfvr,15.194436067101483
id_3dps54vf0f,17.66077449425724
id_hp0ejuyv3t,18.37593796210614
id_qod41j7e0e,19.164601951391173
id_4s4s9ljllh,20.68856782960812
id_8vmswwvy31,17.259591019807168
id_hgbeyzbqa9,15.578311783481626
id_9eazgq4i93,17.1691808552051
id_15tfvndhja,16.863088731185137
id_akw3lvhlr6,16.86815556113471
id_pdrnzevlv5,15.147438271378162
id_k786vuzcmw,17.58679357287625
id_ii36qck65t,15.160538576242752
id_luo9wejxo5,12.222337115002688
id_dv7y922sze,6.8819484022294795
id_zcs5e5jjv3,17.291128041085198
id_nl1ahmmrsk,18.002289200464084
id_n2j1w4zr7n,15.94350445049687
id_edhr3ruhca,14.16178510579017
id_gqpsd6uict,11.932436011741132
id_qowgzlfn74,7.564021741748623
id_qs2l2xtdjm,14.076474167103079
id_4lrdvrygkh,15.50014226184189
id_auybt6kold,12.41256584461442
id_ufe7g778jt,12.729734730676197
id_7324fwd9hf,15.364650915518006
id_sn73v8vz1i,12.147264256966146
id_ojcp5cpvj0,14.591045489485234
id_op1s93i84z,10.154684204915055
id_io2lx9odns,15.84495828523554
id_06zbl7jtc1,11.195150517337218
id_1ttiqk66yv,15.589741761131513
id_4pt0caxqat,11.946763791343981
id_ws58vo2yzn,14.51772734315083
id_tce3ozp394,11.977843445225473
id_q7t9b05o1s,7.89577917523417
id_awrm3qdtbv,20.776931045891992
id_la85j0outl,14.657501683564293
id_i6yqhfapf6,13.003790181022506
id_snwy8kzkae,8.232392874883411
id_6v79axy48w,13.705515893735482
id_4t3anhqio5,10.38669743015924
id_q74mccdm81,11.19173554684444
id_ikn6e0mpzz,17.26498215744649
id_v8txb18kd0,13.401446475918204
id_audlh8gjcf,6.183525044986761
id_zfs5kudqv5,11.940800371868864
id_rz81mldmne,26.51045965380556
id_h4oa84i9r6,5.767969411287901
id_htkc980daf,12.95370880131153
id_66wzrdbk8j,14.462529208437115
id_p8oxssnqa5,18.62172615476427
id_thd2r3g438,28.109661439537923
id_8ac2fo3bzi,11.588506399681032
id_9ukm2znbos,18.472153695682234
id_vq9e0a0452,19.05529595672772
id_8ao6r0by2m,16.28323064509281
id_hgrtbz1nsy,22.393623691878293
id_7dyx4tphmb,20.604503330453944
id_int2pnz27d,7.2253670881505645
id_1gi9fmazsp,13.361046449160568
id_5dhzpnfsc8,18.209079563903956
id_olg30s5x5y,11.80427358931532
id_t5523jtnh4,19.79484264998745
id_vqcahchrt6,33.02836032326428
id_fk1sa9hbwa,19.29873819582873
id_ok160agwht,26.29281043639641
id_xu17k53yq5,29.46632154804582
id_xmzcqauw3k,38.312776340471686
id_aour5rgxfv,20.057933010643886
id_nujzd9pafg,27.174776342924854
id_icrv4paofp,28.10600177179654
id_9yatzebc2c,21.53129993339128
id_gtjn6hxle0,36.2028122068267
id_m6f7hnj4t0,38.06468722914461
id_1v1fi85h14,53.91899172165331
id_7sp5685ieu,32.04809406533815
id_liqr0uwqrd,57.12085073582684
id_03lwil97qb,42.80440615774784
id_b3j3fd3rmh,14.577367980610042
id_sifhxybxky,13.672474018918253
id_hz8r2su7q1,14.19136789427335
id_idsihhjz6g,18.740200751906332
id_o866qvk74p,15.110253747829539
id_0u1n7gtyxp,15.04540773935196
id_lyrsajp3xp,16.104966954871458
id_bzccsloevv,11.714976965864377
id_9c9z014n0r,14.19035686948675
id_0che20octp,13.780707324364423
id_8lyeumoumq,14.428424262030633
id_9wiy3lc33n,13.608070538275665
id_9a78zekrny,13.459285169411839
id_59yb1kfkkt,17.05616013106948
id_5qugn6f0n4,13.395979516651588
id_ch556d7iza,14.846173609162634
id_yljh4w9iu6,13.566953364014806
id_cngpsdvk41,13.144282328167785
id_cpc394pksr,13.802200792595585
id_9e8yludv11,15.78698276000876
id_wmvjf8lqx7,16.69394636985518
id_fxa58eejly,20.374808940243465
id_lrnh9ds8zh,18.52402072375907
id_14c1s7ewjb,24.594950993052755
id_8h35d7as03,24.48284738060654
id_pirch232ad,20.0026994327177
id_l2k4cwt2y4,20.368275317307766
id_bv77jcdr0q,26.861389750509282
id_fdqc1chspp,22.173494671725305
id_62ln78y7zw,19.762692934680143
id_r6uupiy606,17.32709476159383
id_pkr851vgsb,14.534512421666976
id_5dt20d24kt,21.248517940287485
id_14iduc4f9l,18.215409591204946
id_s0oyk7nplc,19.137475544852826
id_ohoxj2ghjr,20.003803615353906
id_lx42qav5js,16.254022641791924
id_7y4q699t9l,14.632428165346006
id_dp3acipvh6,18.10306322153063
id_t5pefcc5b8,16.963282800008894
id_lpt30pg4he,19.812464309324856
id_3t6sgybjdl,22.58993009453181
id_9n0a6kx46d,15.665783105632071
id_slvqhia6kd,15.3742451681657
id_8ulyzkbx2b,12.029819334457658
id_jo0fplisra,13.66564230215711
id_dy11ridu3w,15.259062680251008
id_3qf6thp1zq,13.658858679783854
id_irq21mxj78,8.65208034702148
id_w2cuumaw3w,17.931152211836146
id_nwr2vpkoe7,11.785084254276883
id_u3ih52igtc,9.873100021904248
id_o1esa8wsif,10.077931297065192
id_gwxneemm8m,13.686398639240956
id_mktr6ix79w,12.206021748181616
id_2ptvfeal81,15.831590954359076
id_elkdukvihq,9.25050598719275
id_qwk4cugilm,11.46298262056381
id_1oz3u6pwhi,10.730766537375978
id_y0xvef09vq,8.250101299764305
id_23gmc7gsmv,18.8033729138891
id_r0m6c354qj,16.953729187309957
id_r0sqad4l78,14.490077392322643
id_ghdqd5jsd3,8.426481335365484
id_x8bwqtepbs,15.31606067726323
id_ya5dvzycq5,22.462616478614972
id_9wue1vw0je,18.90210856651589
id_cv0ocjo7yc,23.25517327122768
id_tembu3gfxi,14.559993435574938
id_jtuteue33p,22.70020127212832
id_lzg90mlb1v,25.84106012338737
id_z5sz4wfbb3,18.76042157203061
id_po61337o0p,27.789459562406904
id_u3ds0qs0ja,34.51565319303286
id_ux2weabz73,23.075728319319072
id_8ew9nnhjzb,26.30343020781298
id_lpk5vf71ew,45.23508959554952
id_haz6ywphnk,36.47627306277744
id_7r1kfjjh14,27.638796780853564
id_663tkhfuc6,16.95591219900814
id_z9c1h7fnjj,41.318498909922084
id_9dx037ij0q,38.55285662916679
id_f67k2oy6ky,38.34074554033145
id_cphmkwhhm1,31.897562560422777
id_jhqjrinix0,38.109854924780365
id_n5se9alz2t,44.06590940482257
id_lcbe5mxkum,0.8316173964676727
id_4fe6r13wal,2.6840532820660776
id_ijzj8r2su1,-0.6882456452547936
id_msz2inba0v,2.8153352612298876
id_qd11jjsx2b,12.00262603189639
id_b47e89k3ve,5.171933228696602
id_7mb9t9x9tu,6.722622380894821
id_mvbhi84jmq,3.6838199757193033
id_3yqqem9nei,11.391632458284024
id_ivvauoj9x9,11.309498472502751
id_3jy613lg44,-3.3185910065232522
id_m91x6rqccu,0.9886696071006562
id_8q076jp0mr,9.142634505855808
id_4zcmj012is,15.82983630180129
id_kpjiqdh6zr,27.266335168798363
id_dfajl055xn,12.035371412997117
id_frm2rh8uv4,21.727151354510625
id_yo72un0uym,11.776739117933877
id_wa7g7cyrfb,12.114828392910136
id_c0600luvkg,22.90810468952095
id_55u72g0c0l,15.87037248315027
id_efc4gex2lq,14.83587551224967
id_cdwfcwcj48,27.824662294155146
id_yc1gty3xqz,27.12127557126027
id_867am351jy,9.084366313157428
id_sf4b9w2jdc,17.033225098753434
id_vsa8h55f8i,15.63722640262636
id_ovpfocbku2,23.732875318851267
id_xbgzqf0szs,5.974833183290903
id_15v5x12fo2,23.16489638411791
id_gxgs0b70cv,21.14098312176607
id_g13m7fp2dp,6.190564351872554
id_cav3ox8jtj,24.89021462107183
id_vhu174dncs,5.658770496521303
id_o6tcsfwljz,8.783148734938244
id_98jqgum8n2,5.957509657138306
id_m9og9r3r2y,9.798657604008577
id_abn9ddpwtj,2.472001575262172
id_4zxljdntpc,10.094244915556978
id_y6howqrmjh,27.69016584719161
id_5ke4foxu8k,22.33177276844262
id_hjqgkm27l3,10.539914937701692
id_f5i3m6wxqj,16.708216646765678
id_j8hsu09w89,19.250284251599506
id_czurwxut83,30.213131989738272
id_prz1am7w85,31.41595938414971
id_8bkmhgqh7f,35.09413601963016
id_yz3ljcsheb,17.367040248752577
id_ss72nbk35w,44.943078924369296
id_gix31lwz9r,41.597534925236126
id_n5jqluy02q,32.685840748293366
id_vsz8smmdv3,50.36898108068677
id_hg0e7skz0t,33.52101416270812
id_esawyovxf1,34.612037163321006
id_hc62abtu6k,16.127121541629208
id_r8r0rkheji,17.823320002450927
id_xlindtdnz2,15.932893513295204
id_lnjrpbezhk,18.984847447809457
id_mgtu4ilbfd,20.361140676471774
id_5xqaypkkvs,22.603642411081996
id_w3so8j4bv7,14.579475499007971
id_7w1zp8cjcn,21.610970909947554
id_67uys7wrv4,20.83922188410184
id_r17gddig0j,23.874764814516443
id_e3vuqck2h6,21.59452601824663
id_fhszavu8ax,15.874911089961225
id_luamixbkgq,28.876277104731564
id_kqm2f56xwc,24.556907474300253
id_zyxetqm6wu,20.869808799559696
id_dz8pj6oclh,15.508821894301597
id_adeyv5o4f7,17.295811745867493
id_fz6qqj1h1a,22.60461364202169
id_n87wj2ambh,16.207708459461063
id_f70k3emlx3,13.542054446323801
id_vgoievdbtz,11.64374898577698
id_zh20dby41t,15.899444400852325
id_8bvi6lu9pe,11.019747577820707
id_q160zgg9me,18.21862129049373
id_4626is4jb1,18.36872462928736
id_yb12y6lzfu,26.17681150999085
id_q28sbilqoc,18.84762899901965
id_tum04j3i0k,20.36063152495786
id_rmvr6nrclw,22.295281461277877
id_htvqxawa72,16.79831284654312
id_fz1uc4v5j0,21.096631683000563
id_7b5p3b0df6,26.498103415213425
id_2g79ep4pkj,18.829316367119482
id_iqortjdma0,18.357364702494806
id_le8f4g0pzu,18.63304068076721
id_ekpzp4t5c4,17.7881099227577
id_gesmljsvjr,12.3950863709991
id_psei1suku6,15.745230593226264
id_hqwm0196vz,18.848350475470216
id_69rxifzt35,18.326948822488184
id_4o96zxaznr,17.87989836067011
id_3wrfo6380m,19.72956433005263
id_1fty7ttimn,18.710506305346414
id_c57ji3ham6,31.22812658023582
id_wvw6k6vp72,18.972722845202885
id_0p1s7vp852,13.871321108529079
id_b52rchktoy,16.20216043398962
id_xgf7g7nfe7,18.03446164321621
id_sm7nxaxevr,16.109346525021778
id_pyl58w1gtb,14.243612328040461
id_nqbx4rommx,12.634329922042397
id_19wzlmlzng,20.056669154513834
id_z1hdqiwyma,19.838797837443167
id_5mgd2i895h,20.520766281014655
id_60a72t2cay,12.181858359891828
id_a66evs0aqw,20.737184754060873
id_iuiyr65rvv,12.368978445236301
id_eaknqbzf77,1.6501995811650951
id_stb9gc066l,7.979194597828279
id_qaykme2vjm,7.022647781121249
id_dt2xwaz5io,11.555948209553378
id_733wbi020k,9.999684696973299
id_m1jmaidc1m,14.564629926683793
id_iq7tgns55s,20.999525934905716
id_fyy6i6j06h,6.769967477818311
id_anv4htdeo8,14.899161830082818
id_f1xdbych81,5.096804482575042
id_vjajvq9znt,14.029167402270549
id_sqcw91cgln,11.30673466650304
id_w0kn8lsfm6,12.16087912185602
id_d0y2cmg99p,13.380903133523152
id_c0lde7ws35,15.065738897606725
id_nkpuzearf0,15.676161355459325
id_dny7wqpwsi,13.78418365650887
id_mut5ylxif1,12.362084065466039
id_6v6apoias7,7.0994754624023
id_aanbewd75e,12.351683748848124
id_g3wrkoouk4,17.86356088868526
id_nwndwrpf8o,15.485506684037254
id_21ug002h0q,10.135727706558725
id_pd01tyg62p,16.60878375789167
id_wcb0ckggc7,25.257448471631154
id_3xfe9y6qy2,17.517165831213603
id_sg7nyshurw,29.659111676207445
id_fl01fpudeo,17.850132919251795
id_oz6t207lje,20.384353498872606
id_yq2em36nu1,15.898393959729377
id_fe0mlkkqtt,17.357077469471765
id_1lzokw7hi1,24.144218217144278
id_1pgeidv7p1,35.56088770487659
id_lbrv1ljzfv,24.774074336644663
id_ws4vk1maeh,21.244462606550858
id_lkjm5o21jg,49.60870729654418
id_esgom4jjh0,39.36031720150355
id_5wgz7hxu3q,31.261759333871826
id_ce45fi3i9r,19.215613837715612
id_e0fmjam36n,26.932586376057277
id_t9gpc6cl08,29.15348847281497
id_4e0oh24nij,8.55603460511206
id_wcvcujkjfa,11.769146455098449
id_959hw03dsc,8.416370388428575
id_mfcbkrkwil,7.6836690039464965
id_it7jxzllrd,14.157807173013767
id_8stz7b6m3b,11.735670204856032
id_6w3q8g9iws,11.059234186814281
id_w0ee2fe65l,9.860734632351289
id_fhgz7wzae3,4.437344001550513
id_w2rchmas4e,13.771747881525608
id_jmo9wtwu8m,16.984898395359327
id_uerluxmuy9,17.76949837833389
id_22yl0qw8q4,16.446057330439338
id_a9oc6x2g72,18.05445451358014
id_qbhgqc4yet,9.696053139298616
id_rn6vcvicw5,10.613678671579246
id_ytcdi9ix3q,20.173411034004285
id_qzfdep9u3c,14.23316521344654
id_33pv489fe5,18.94725850754662
id_u1gjjizqyk,13.712224581350307
id_w4rf4iv383,18.730298207915453
id_3zb1zekfcs,15.828201104422437
id_ertzpococf,17.3165312336228
id_y6ouxkmf0e,18.93650680358774
id_q4dvl9exoc,17.904312799897472
id_imi2dyvmxc,10.126059662542449
id_8flbm45nba,20.233006080080038
id_0d93zxtus4,19.843699344550064
id_xfxo3cb3tu,16.471121222104323
id_h8j2nrpseq,15.49213910147886
id_4gw4m9unp9,12.60382235769114
id_8lqfepep8r,22.55725208811058
id_lbql83v1pa,16.749519218613283
id_18r3kupks1,14.25945309647682
id_bz3fcm9azs,19.61730741221138
id_vxwc5l36hb,13.681582652946265
id_1m3ayw8orl,12.40747458935932
id_n7s22ti3u0,16.371850865849275
id_7ml18gt65i,17.10066311004726
id_pu8pv7gwz2,20.53133552719427
id_ru43es0zjg,20.63134674164922
id_n2y5dyb90j,13.16041978208
id_v6dywtd3ti,16.92402416194231
id_gpm9b55dkf,20.251478770877856
id_envkemqd97,16.03160293455705
id_rm0pa4kk4k,16.998763143829994
id_s1qxkd8ot0,17.295969701736954
id_bwv1d5pcax,18.071545152737098
id_cvbktrmvyp,19.156430288048945
id_k4zxmef1ve,14.782674342702151
id_61jelkjb5z,16.880115286582683
id_0zwlyfwhg4,18.619934344688843
id_pipj3ap8ak,15.62278101341366
id_84xzjh13pi,16.48202164416101
id_zxct0q3dqx,19.006083915687864
id_5vji53n55u,18.296350225831137
id_7mup88cw2n,20.361214008629073
id_fomq0iryjd,15.834821587436448
id_5mq14kf61k,17.5142304684677
id_6tfrbtojwh,19.40890290930878
id_p1syd1j82p,18.638415181138612
id_2efu8wsf0t,19.94193027351859
id_nf6oaj6hmc,18.791495453514113
id_6szo04nr0p,12.815303287676361
id_k3zqwshvxx,18.879254890684066
id_xb9tzd4tni,15.172716133422876
id_1g1133mxj0,17.03211269102376
id_l51e1wtruw,17.355625413040354
id_qgc87e79ko,17.849433287165954
id_2efd5sv0eu,15.450884459024769
id_93di8172pi,11.476097313921688
id_b8vvdmeitn,5.6615763642830785
id_ci6fg1tigr,17.046004075811833
id_c1zgt77fyu,12.921834464352504
id_78t3asrjbf,17.285668929861167
id_6oanpv3bs7,14.688500665941701
id_zdhxor1yx9,12.420890162454603
id_hjug95reos,8.934630589703543
id_q5y6b2vxi5,14.979038460403917
id_lmmep6vt6f,15.493464620691471
id_ur485xrowj,12.508994973492396
id_yh8jpakk4u,15.096904566731663
id_xfom70rd8q,14.434834891753997
id_cx4og6dawq,15.476074982170955
id_bxqjc4lu8q,14.993488229104239
id_dfkdged93h,14.783196916193578
id_wpc07nnnn9,13.297867411646731
id_3w6yxmo14o,10.848021937503974
id_9xhx7zdwqp,19.48906736560902
id_fkcu4ryvmb,14.148505411469108
id_iydvhqnjpg,13.717139931813985
id_xfd5bd6mbb,19.732064821735122
id_pnfc3lxqxw,17.82536908332586
id_2fi5bq6vwj,14.479934813651663
id_6viyil1331,10.638585607130036
id_5gwjmv15on,35.03227971925277
id_76bk0rtwtl,16.50299676409812
id_f60ku7tfev,14.809166168658674
id_h191utquex,7.273444201615216
id_wi04z29d3r,11.861787236733425
id_fbntyg7wwr,11.635622872393352
id_v3zrqsqzxo,14.160152881863276
id_bw1b95righ,19.740881553152057
id_zp9ylpq5fk,13.240613055093135
id_t0g20s1n6l,10.276348905340916
id_dktjg2pt79,13.08954762445019
id_mik9bcfz5g,27.888290671893895
id_t7ahyyqmpl,5.3149011306393845
id_mu6p2nd1yv,14.451801102905753
id_lff5hw3ol2,14.840687907863028
id_eccaetzkfx,20.12291037212907
id_z5lh6tnhu3,29.200358177107436
id_vg90abt8lg,10.379223539815019
id_b4kmym2z2e,19.72361665359386
id_a4bm9lp96l,15.048633385208495
id_ph0f1whio6,12.43583689116671
id_bn4murbtsb,22.668678168046817
id_mbkfsw8xc9,21.03566675098762
id_e2ybasubxp,9.703629017374977
id_6i3ti67p9g,16.81168175567953
id_bec40ri158,16.809033954251007
id_zacj6i063v,17.475690236036783
id_lol7o2igta,20.966298162550384
id_m2m6u5m8oo,34.419352678255116
id_g8kpxolorf,24.32807847616774
id_w57cuionsw,24.628381912129456
id_64x7iknxnp,32.23576954713952
id_umk48ombht,36.62088358462429
id_w8cmk8r8vv,22.083837989553377
id_vj0wx6wbs5,27.63252325530127
id_w7sma8wi3u,30.751047693176552
id_oqmb5rhi5m,21.438233053792622
id_i4y106oe8m,35.39236492365247
id_biglgqqok3,38.53098503134243
id_6026c6cyn7,57.285997338204666
id_ixvjw5pg83,53.2624873746992
id_w6kanjj090,62.176262829797565
id_qy2xteqn7k,45.57894141938202
id_6oi09e06us,32.54104912039865
id_37za3uvuvh,37.00988599459161
id_e1rym2u84c,44.936295833686685
id_85pjz4b5rl,47.17182202317065
id_ohyxbff88h,35.186759672213675
id_dz40i4pbqo,44.38185994319471
id_kfb0js1w3k,38.616766550813644
id_z6dnfzl23b,44.016389937307174
id_jkeoakg1zs,28.754868221767893
id_jvc6j31d7r,31.58344493319266
id_tp5jxexuje,25.265872659057095
id_dkv9vzan2j,29.388109605793552
id_21jsagai52,31.2637679902861
id_5j5wrd0r76,33.15259561849812
id_hafhcdf5fe,27.460906563367136
id_ng9duxlksi,40.963465210809254
id_1mrr0piel6,-1.2739981527530917
id_8dlgnof1yt,-3.9384679158624514
id_ayhykhxv08,-1.7806067719839882
id_5veb3455kk,13.441875520135657
id_0gw6p17v8i,1.3450141757325498
id_h21k3oibhu,-0.11795244342216965
id_onax36r19z,2.382825408701579
id_kf6alfal6l,16.37139889549895
id_rgm4q6o0n2,-2.795229529771042
id_051ag5i4ha,12.863065106719684
id_03ajztlcgf,-7.9485660103689835
id_h1gdh0ctos,-3.8853528476603225
id_wea0tzo38s,-1.7722806795772144
id_d77c6v7xlq,-5.2707010516251565
id_o5czlw27eu,-2.7868701501649693
id_z3b6rgvygb,21.795252394168728
id_iwwln55ll9,22.497989053337868
id_ctyaqjhqq3,20.94295330897142
id_bk5kqdpcvl,9.854755647483508
id_lcaeji5kvm,11.480249464701641
id_4iuroyo095,22.029298364367726
id_hwhg2nzcn7,23.258799243450902
id_zfyyzm0tfl,11.160462240864533
id_aks304uagg,26.66862134899008
id_5muf55bxe7,28.512611069574035
id_or8005ins6,8.670747740956863
id_5p0q5jonr0,10.880961372285999
id_qjskvygs4l,13.977739176349559
id_u5iqw2tz8v,24.5945798022354
id_gckh1uiy17,2.9694856025659355
id_8uh4onl5v8,23.515590938047858
id_46wh4sy9gi,10.085954575533199
id_zd5wtd5tmi,3.061603415958471
id_8tax5ieqth,16.83689078535546
id_ouo0ii1gd9,15.354442649554755
id_ofkcbq4gav,9.779483073945634
id_yak2zy4o8d,15.717627338398042
id_lmj3zlydl1,6.159663685215124
id_r5cm1bhxkl,13.539962052460188
id_0zbo52y2xz,6.699206946820185
id_obd90peb73,28.491654851381757
id_yubp5ipspp,6.085309941422881
id_q44cbuudsn,11.993874207938504
id_kav1f2lb2r,15.49380850055106
id_gxbkwk0iez,18.8493037450655
id_ek9x8hre7u,27.679687677650005
id_r871vcfbl4,25.40719893032397
id_35iwrmt1yx,32.128785200787405
id_mgt3ob9nni,27.79125187352801
id_ata3d9u9ij,40.797562578643976
id_389jy0txmq,38.97830858409424
id_oaaxhllgnf,25.135485675661545
id_fpoz5ozfg7,51.61018108140985
id_hygp8jfsb2,31.907251839848247
id_tgmi1f70mf,37.69491497864872
id_8xhlkfw0vd,6.934642792499138
id_n02h09aa2y,14.816489080116561
id_vcfstyofl7,13.06099925363925
id_jjreek4wj9,15.168929164788771
id_x7op0k35jb,11.421099815771697
id_m0rro9r1gv,22.435344098429844
id_9ky9s3jqyp,17.92815372749669
id_ohpg2cpkpk,26.743850520751923
id_s13clcy2o7,20.93864716176622
id_2h4f3oh33x,2.7851849956791614
id_lzsgsz7nuf,6.210732799937388
id_gnfl6qhq2v,15.423244858997734
id_izavvighqu,29.274148646416304
id_5mk7jbh470,24.40437316663137
id_y78kz2lj7d,35.25209186149277
id_r0jik026d1,21.63239267033862
id_4l552ar61j,22.739703235346457
id_yog4iw8i1o,29.641606570245386
id_pv5p2rds8o,28.91000149546904
id_1k5akrmzgv,29.524348547877782
id_ks7ucfmf06,39.39457688337466
id_15cuw1it4j,25.698670584064637
id_kfgdu8dkqk,29.173069568381255
id_aa4sqe4emy,28.434453216456898
id_zytuipkh4s,28.275704244032763
id_753xfgjvu9,19.382092736555595
id_lpvtn9w0zv,24.89154029818202
id_7asrrizo0g,20.641449847768133
id_8bwlfohvu1,29.675446046832853
id_1hy6gjm6kl,34.40756263810376
id_qsf30wtdhv,18.388387487640255
id_1uv0ibuczo,23.26817837562803
id_80csjj6d48,15.409137321885973
id_n1g3zkow2a,18.19650591099994
id_qjt5kb3u6x,23.54825341663159
id_6e8d5kqq5q,16.444604674096258
id_wvhdr0r7th,19.43052511278921
id_x5r3svy996,21.604495016581545
id_o9ggz31qgu,14.480065382907958
id_gv60syhrk2,19.370225917180484
id_g3j3o1t4sz,13.916974826350083
id_laabpazmxh,13.03369365378575
id_eho4ay6smw,25.63784605327413
id_w8nvwfcpmm,22.21599812124048
id_btnsop89b3,19.613875461627984
id_0w6dn0yvk6,11.918495184995209
id_gpznwpt7ys,21.97080375008708
id_z23dyz3slb,18.868718995157288
id_2ojx7eu8qw,17.388690810995527
id_98t8cdz765,15.659103720760235
id_8f9m9dleze,22.666192073705975
id_oeaawvliom,18.94986899307653
id_ov5yh9unz0,13.472064641544199
id_syrmc724fl,16.761194501497148
id_wsfou7xddv,12.82478121784442
id_gdrcof729w,12.037487644021214
id_yyeq995o40,-0.21379695503538415
id_mhj0m6vsoz,11.180975540395883
id_d51371db4v,12.01157702730251
id_nrt1xvsex3,7.745527958749436
id_e0e2p1877w,4.247154535807684
id_ezhbu5sh62,12.147717922445514
id_c4pskc8s76,16.327005790990174
id_r0ufs02ezc,8.581312502116337
id_hk47qerjv3,12.860250759787352
id_8qq33hqkxq,5.218976487225424
id_w1qz8bdksu,11.273077212159311
id_n74jn7d5ct,10.566773184214526
id_b2yadnldic,11.45567964606417
id_484yc688bf,9.625856304215613
id_5w25kqbc16,11.233784956210785
id_9n8atixf1w,8.256613245100556
id_5f8seqeob8,14.900736659875212
id_h0d3gkad49,10.140815984355559
id_g7kvipny30,6.008647638250783
id_hmwh1yqafb,11.765087058586964
id_xjzlyzcmgj,15.523516773278875
id_inhwqwpuun,15.280348412938853
id_wsm8a53caa,6.1483837555389025
id_r9mlk12372,12.772022074566435
id_oisa8d97gd,23.168394183485013
id_6ab55sm71v,18.280799122049732
id_too46nmh07,22.94105738209562
id_r5m6g5ftw3,15.567401463455665
id_g6vqehwv9h,22.616495126243368
id_na1dwva2t9,25.764149706403103
id_nr83m898q4,31.812059192499312
id_588qh1lkgp,33.37589488328156
id_1k70mcdia8,24.575563565695216
id_4kvsbq5i01,20.52400305771763
id_u90ok9v1g2,43.534330592654726
id_f7jhr0tzyj,34.828156712924724
id_496ds7trwi,19.79249175618016
id_rjedrxh5ol,17.115047997718673
id_iznxqqg86k,41.54146288396318
id_r2nitpoo6n,37.90585498259876
id_ako3197fah,19.768849390443073
id_nprrbmfek0,22.22834537422498
id_bmxffkemr6,10.132063545523755
id_w7doelm7x4,6.980898581089907
id_8z87l1y49i,6.517543366183903
id_ebkjvn720n,2.913865760033273
id_tc14hgelz9,4.059306120278848
id_a574b55rgm,14.170762571282939
id_dz6m95a6g7,3.607466166345521
id_wei7m8hy0n,13.511646076838973
id_hj9g1ena8l,10.113647169002796
id_hxkqt31oj0,4.92852725590012
id_j9xr0ullvp,6.780165017359076
id_dhxexr0nl8,4.768430833440754
id_thyiz3erhs,1.9470320685500095
id_vfer04eoj5,-0.09973616142006562
id_dtjlkdb6na,4.532043863212305
id_wjevf26x7g,1.6628221295266856
id_js2e45rmts,1.3354305481517543
id_h4sopez1xq,-3.172113977732189
id_tli2tt2lre,5.268364747158353
id_nml7r1ihuo,4.188595264691187
id_ny3rzr8dw4,3.3833076620441225
id_dgyrdg3c7c,10.82079461606452
id_5xl1ofkel7,5.373863941156088
id_s9z5qdtsok,3.927099926308516
id_wzznck6hr2,5.349362902941156
id_2jrs4cf50t,18.00211469806342
id_zr9i8iyl05,2.0304384287128907
id_ywr3489vgm,16.047284385237695
id_40yosi6uqe,-2.661811034026763
id_hvj85b4s27,15.591801344313778
id_ve7iodkk5x,11.39830612659511
id_prcsjcgmvr,3.341394717704498
id_urporbfca8,1.8735467728669475
id_hnh9veqj44,17.961483920969528
id_66ujv86e23,28.134526323886483
id_op00lvkxjn,15.389210165506238
id_0h1a9dhuum,21.727151354510625
id_ng6gkjkewg,22.47451377091382
id_u3q353kzgc,25.887149173350007
id_ykfovbo3gm,24.02664589777454
id_k2wnuw9gop,27.955953776283195
id_n742fvx1ah,14.216317296320073
id_ecz5hhz0iz,31.3192219853269
id_t3tupepv7y,22.409414160596082
id_touyxi6cd9,10.583291961957528
id_fv0z5li929,19.060927855465245
id_1rbmh121yv,24.28364973859261
id_jxivfqw95m,17.558653765243072
id_c99mmbda9h,7.331349927137007
id_amvzqnr8uh,25.24756063287197
id_vd8i2z3hob,21.64316050304342
id_sq6qs6ygpd,4.349087307383373
id_grfpl7lzzm,22.507885962966803
id_rqzxw5tozc,5.642613748439269
id_74zv2ut2b5,8.304792147572504
id_je1zddxbcz,15.816533566272044
id_p1lsa0r1uy,15.452474655327924
id_466f3sjyaa,7.488421701596872
id_6bji5k248v,7.4838503534213805
id_xmf644v3gg,27.806399080056273
id_7ww556yt1z,22.11088362505863
id_1kv2mm53gl,10.558447340018594
id_gogfzwk8d6,13.505782137832531
id_4ijyknjpyw,19.880133281561452
id_51yb1ejvyp,30.264965796034684
id_e8kgwianqu,24.008703259884665
id_01xma9jtcq,36.44724421725114
id_b4c2qvjsq9,35.765158108516616
id_kkxio9kyth,40.49504419276578
id_eo46mly8qt,37.0948305697108
id_x6q1xzuux5,32.713500753444585
id_o9paw0x3kv,45.226904155362604
id_rmptreswq4,33.63724739557278
id_t3b2vd5gaq,20.192775379511694
id_1ccceino2g,30.537256591439228
id_pkszxukfw8,32.531416543037444
id_irjroluzw5,31.333545173674054
id_41oiry183k,27.40152374486086
id_cfcgnt1ghb,31.877263997962746
id_sjd7rg1oll,32.65790702291803
id_364xgx2f9d,35.166557216989844
id_fy2bmhco3s,29.48442626762456
id_axh2ddc911,27.763746879031785
id_29vkc8fnf2,37.23319181789525
id_4ohuy386ux,42.76061869048811
id_ny7vfafssc,34.41069437042138
id_is7lidy1mf,15.292940951403132
id_3gzqnrpvj1,8.783529699590396
id_tgs79jz18s,14.644473490762977
id_1vuxj43b5t,14.293108422357173
id_0li1v5bnou,18.182952022194957
id_2rkm63c28h,14.345652012741628
id_u4ue41ptfe,13.591484544735522
id_hqm9ncx8e0,14.703481375662227
id_nm7ygb4b3l,12.53930481034322
id_jh45q5uczs,12.965714027282173
id_8wae60vl8s,18.31470737849544
id_oew1wkaotf,12.712198389326119
id_2blz0nu3gr,14.373018911249133
id_8561e57ms1,17.519067194450813
id_6l2yazaml7,15.668798285853441
id_u8x5imye5i,14.477116859355247
id_3n4fcuig6s,13.551619118162332
id_63yqksu7g8,15.668208535570384
id_vr7oawtyr7,25.702202971562446
id_hucimtkqcs,20.943385135151136
id_en1o2lrl13,27.151437541015856
id_7unrf37lps,19.62357613470051
id_airjz9ye97,23.36939907531806
id_scnvuwxqzg,25.393360777264984
id_e660aintu0,21.59452601824663
id_xp5zllo7bm,28.123674230103845
id_9vmhojq424,22.223171250338073
id_1qhlpx2pcm,19.072811410990173
id_qedyi4kq32,15.176379728591497
id_vyxdm338eq,19.664476187700913
id_g2ct966v3a,15.825160231338705
id_npft5kn5zd,17.73606373180572
id_d9roa39323,20.117171236568616
id_7jxotkoa6i,22.632880200462235
id_io83k3isds,21.78640365636224
id_0phnbrqgvq,27.340323954277643
id_8fhskk4v0o,18.425100366804223
id_jmark42lrd,19.084335084936733
id_4uoyxutrk9,25.904020924448485
id_z3ne71faqd,20.241947422393327
id_3lsi6od9kk,17.05955945761368
id_wnmtya2xe4,17.31608007683371
id_kxpxubm2ks,18.972722845202885
id_jr62xr6pn0,14.001547882970554
id_i1ndfhbqh8,15.918170100153752
id_xbzzfn775f,17.226713424471253
id_2jgxgek3pp,19.079018054531797
id_cz0j93tjn1,19.005683687763316
id_ibjyuosq7h,14.533911739185683
id_qdj44e8qxy,15.18612274170194
id_pr6ybzbo04,15.855631642897585
id_6is3wqphrp,14.555333667173663
id_a19c8qy624,20.36432811797663
id_fccl3r4vhn,18.8125817244991
id_lpadx9ljyn,14.41613558338172
id_yrlxid7w5f,16.89146997772949
id_iyelznc712,7.175352296337847
id_d4zyhlrp7i,13.120655015475357
id_yamlzhxpzl,15.948469721252899
id_69z3k5udxl,20.483109276480594
id_250ilall7a,13.847863041167594
id_5oh31qlbqd,15.16046402295137
id_g0pt3qxex9,6.089873726594076
id_wecofpgirx,17.50153038181009
id_srbbfyzb4y,11.835578529478635
id_9dwlszpc6f,12.884590685898445
id_rx1c8t309y,13.403299434754771
id_ihc33303cp,13.203188908698882
id_efyw9jlc2d,14.31371102979233
id_r4qda17kgf,13.589399627089934
id_ztkiuvq97m,14.36806827347181
id_57vj6lphyj,7.506118471437183
id_1a219llt0x,18.802151440445666
id_7dum8n5jfs,17.787552777247324
id_mprnfw8jby,12.233492183817683
id_4kwyl8vwk1,10.874859239131437
id_hkd5b8lkry,16.617391881502147
id_ugse3zoarv,25.399209931318094
id_2mihn0ik0d,18.721922934698675
id_eq3nj1bw4i,29.659111676207445
id_eztbfv2vvq,16.04252577471561
id_j822qt24o8,19.490049456607597
id_nyc1n6dupk,16.64614209253013
id_5rfy4jo9id,17.10071122732349
id_z30ciw3guv,29.30894338413714
id_cikel8zc0d,36.07666093784608
id_pn6ira1t7j,18.291557186364543
id_etyxjytmkl,26.3089821321431
id_vk4ybuoyry,51.70553022331117
id_qm010ay0yb,38.25647773792126
id_ufglp9d8e6,28.298540576015526
id_vfxihvxog9,18.249773885858183
id_gx87k11mh3,43.245628253339326
id_5yblexf7zp,26.905794212372616
id_c9cycuvetl,38.34074554033145
id_8xu1ardxni,33.43334681042833
id_aumy97t1iu,38.109854924780365
id_cv1dq53hzh,44.06590940482257
